feature,development_mean,sample_mean,development_std,absolute_standardized_mean_difference,development_q25,sample_q25,development_q75,sample_q75
tenure_months,3.232969447708456e-17,0.0022863404580042656,0.9999999999999999,0.0022863404580042335,-0.8654816000352707,-0.8654816000352707,0.8556550764846651,0.8629480285038174
total_purchases,-1.0160761121369433e-16,-0.03787709066897838,1.0,0.03787709066897828,-0.8734310354484123,-0.8907267080789119,0.8734319002320436,0.8042492097100453
avg_order_value_usd,-4.9737991503207014e-17,0.018690002876828538,1.0,0.018690002876828586,-0.8617972678883068,-0.8535294183529866,0.8642301807072048,0.8932990288086111
days_since_last_purchase,2.0250467969162856e-17,0.01327505993824398,1.0,0.013275059938243959,-0.652917195299281,-0.652917195299281,0.1427853221095868,0.14547350629002215
return_count,2.4868995751603507e-17,0.020854289236660415,0.9999999999999998,0.020854289236660394,-0.9527892465141172,-0.7800471530234534,0.947373781883185,0.947373781883185
complaint_count,-8.810729923425242e-17,-0.0016818637427448895,1.0,0.0016818637427448014,-0.9237362076002552,-0.9237362076002552,0.9257359493699788,0.9257359493699788
satisfaction_score,1.4139800441625994e-16,0.008523302651429483,1.0,0.008523302651429341,-0.7137163058738297,-0.7137163058738297,0.6980108413608442,0.6980108413608442
email_open_rate,-1.396216475768597e-16,-0.00911838031583934,1.0,0.0091183803158392,-0.8671643392134049,-0.86198452043559,0.869801557613816,0.8905208327250751
click_through_rate,3.1086244689504386e-17,-0.018500417060020216,1.0,0.018500417060020247,-0.855218125424831,-0.8847014145439468,0.8652185102318102,0.8305322877387328
conversion_rate,-9.414691248821327e-17,0.023603844533986514,1.0,0.023603844533986607,-0.8692268709275891,-0.8692268709275891,0.8690162096800716,0.9035508404206212
shopping_channel_In-Store,0.25165,0.256,0.43396114745446973,0.010023938837650006,0.0,0.0,1.0,1.0
shopping_channel_Marketplace,0.245525,0.2344,0.4303980417880639,0.025848165929802616,0.0,0.0,0.0,0.0
shopping_channel_Mobile App,0.251,0.2476,0.4335885146080325,0.007841536123422553,0.0,0.0,1.0,0.0
shopping_channel_Online,0.251825,0.262,0.43406125071814466,0.023441392161050265,0.0,0.0,1.0,1.0
device_used_Desktop,0.254275,0.2552,0.43545289570170503,0.0021242251667873964,0.0,0.0,1.0,1.0
device_used_Mobile,0.246225,0.2472,0.4308111527978355,0.002263172607459252,0.0,0.0,0.0,0.0
device_used_Multiple,0.249325,0.2496,0.43262228834746824,0.0006356584193811262,0.0,0.0,0.0,0.0
device_used_Tablet,0.250175,0.248,0.4331136910500521,0.005021776140871594,0.0,0.0,1.0,0.0
