K,linkage,metric,sample_n,sample_seed,silhouette_eval_n,silhouette_eval_seed,actual_clusters,cluster_counts,cluster_percentages,min_cluster_pct,silhouette,davies_bouldin,calinski_harabasz,tree_runtime_s,cut_eval_runtime_s,total_runtime_s,failure,cluster_size_warning
2,ward,euclidean,2500,42,2500,,2,"[2125, 375]","[85.0, 15.0]",15.0,0.12429680459010181,2.5844023577357045,188.35071578266528,0.12763279996579513,0.24403930001426488,0.37167209998006,,
3,ward,euclidean,2500,42,2500,,3,"[1229, 375, 896]","[49.16, 15.0, 35.84]",15.0,0.04511851573494625,4.153411179711593,137.99630796154227,0.12763279996579513,0.2025495000416413,0.3301823000074364,,
4,ward,euclidean,2500,42,2500,,4,"[684, 545, 375, 896]","[27.36, 21.8, 15.0, 35.84]",15.0,0.03577181188116488,3.8020488541747555,117.39131419180879,0.12763279996579513,0.24062749999575317,0.3682602999615483,,
5,ward,euclidean,2500,42,2500,,5,"[684, 545, 375, 327, 569]","[27.36, 21.8, 15.0, 13.08, 22.76]",13.08,0.029624717573899558,3.6650536170549364,103.6467892037357,0.12763279996579513,0.22218709997832775,0.3498198999441229,,
6,ward,euclidean,2500,42,2500,,6,"[421, 545, 375, 327, 569, 263]","[16.84, 21.8, 15.0, 13.08, 22.76, 10.52]",10.52,0.026707548609895354,3.5051006550056907,95.31807789878533,0.12763279996579513,0.34113539999816567,0.4687681999639608,,
7,ward,euclidean,2500,42,2500,,7,"[421, 337, 375, 327, 569, 263, 208]","[16.84, 13.48, 15.0, 13.08, 22.76, 10.52, 8.32]",8.32,0.02374446240759988,3.321033473893336,89.38055928267678,0.12763279996579513,0.48198510002112016,0.6096178999869153,,
8,ward,euclidean,2500,42,2500,,8,"[421, 337, 375, 327, 162, 263, 407, 208]","[16.84, 13.48, 15.0, 13.08, 6.48, 10.52, 16.28, 8.32]",6.4799999999999995,0.021767842374266388,3.17390159006826,83.92512004416692,0.12763279996579513,0.26335739996284246,0.3909901999286376,,
2,complete,euclidean,2500,42,2500,,2,"[2168, 332]","[86.72, 13.28]",13.28,0.12641892523805282,2.540941701237598,175.32025340179592,0.13719169999239966,0.28786849998869,0.4250601999810897,,
3,complete,euclidean,2500,42,2500,,3,"[1350, 818, 332]","[54.0, 32.72, 13.28]",13.28,0.031565868926327734,5.003846632422293,114.76806367361219,0.13719169999239966,0.27238930005114526,0.4095810000435449,,
4,complete,euclidean,2500,42,2500,,4,"[348, 1002, 818, 332]","[13.92, 40.08, 32.72, 13.28]",13.28,0.018165678156685523,4.924226034419939,89.14037142133915,0.13719169999239966,0.31504600000334904,0.4522376999957487,,
5,complete,euclidean,2500,42,2500,,5,"[348, 540, 818, 332, 462]","[13.92, 21.6, 32.72, 13.28, 18.48]",13.28,0.0161813019875883,4.389544051862847,82.05998033775516,0.13719169999239966,0.35286939999787137,0.49006109999027103,,
6,complete,euclidean,2500,42,2500,,6,"[348, 540, 818, 141, 462, 191]","[13.92, 21.6, 32.72, 5.64, 18.48, 7.64]",5.64,0.007906356541664664,4.684880062895377,69.5185980910856,0.13719169999239966,0.32695980003336444,0.4641515000257641,,
7,complete,euclidean,2500,42,2500,,7,"[348, 540, 448, 141, 370, 462, 191]","[13.92, 21.6, 17.92, 5.64, 14.8, 18.48, 7.64]",5.64,0.008822934143501679,4.515650673954616,68.82567347605388,0.13719169999239966,0.2440490999724716,0.38124079996487126,,
8,complete,euclidean,2500,42,2500,,8,"[348, 274, 448, 141, 266, 370, 462, 191]","[13.92, 10.96, 17.92, 5.64, 10.64, 14.8, 18.48, 7.64]",5.64,0.00791254850813141,4.2076322194568245,67.24978304522786,0.13719169999239966,0.25129590003052726,0.3884876000229269,,
2,average,euclidean,2500,42,2500,,2,"[2151, 349]","[86.04, 13.96]",13.96,0.126424704032639,2.546679881096332,182.25318718702962,0.17467560002114624,0.23064700001850724,0.4053226000396535,,
3,average,euclidean,2500,42,2500,,3,"[2151, 347, 2]","[86.04, 13.88, 0.08]",0.08,0.11416152069263012,2.2576635966260965,92.19801510950265,0.17467560002114624,0.21528770000441,0.38996330002555624,,cluster below 1%
4,average,euclidean,2500,42,2500,,4,"[2151, 340, 7, 2]","[86.04, 13.6, 0.28, 0.08]",0.08,0.0915451720485719,2.105546498403751,63.75654573512275,0.17467560002114624,0.23743929999182,0.41211490001296625,,cluster below 1%
5,average,euclidean,2500,42,2500,,5,"[2119, 340, 32, 7, 2]","[84.76, 13.6, 1.28, 0.28, 0.08]",0.08,0.03156294800821857,2.1499951588434234,52.813917154010724,0.17467560002114624,0.22576660005142912,0.40044220007257536,,cluster below 1%
6,average,euclidean,2500,42,2500,,6,"[2119, 327, 32, 7, 13, 2]","[84.76, 13.08, 1.28, 0.28, 0.52, 0.08]",0.08,0.025747730946276352,2.186425053923251,43.76557760333506,0.17467560002114624,0.24343789997510612,0.41811349999625236,,cluster below 1%
7,average,euclidean,2500,42,2500,,7,"[2119, 242, 32, 85, 7, 13, 2]","[84.76, 9.68, 1.28, 3.4, 0.28, 0.52, 0.08]",0.08,0.023764111780820656,2.4706981154088843,40.03299790558547,0.17467560002114624,0.2359635999891907,0.41063920001033694,,cluster below 1%
8,average,euclidean,2500,42,2500,,8,"[2119, 242, 32, 85, 7, 13, 1, 1]","[84.76, 9.68, 1.28, 3.4, 0.28, 0.52, 0.04, 0.04]",0.04,0.014923570338529266,2.152609222079351,34.46526801203613,0.17467560002114624,0.22706600005039945,0.4017416000715457,,cluster below 1%
2,complete,manhattan,2500,42,2500,,2,"[1540, 960]","[61.6, 38.4]",38.4,0.027635766447369703,6.994582736961977,48.04015157138128,0.12659270002041012,0.3148454999900423,0.4414382000104524,,
3,complete,manhattan,2500,42,2500,,3,"[1271, 269, 960]","[50.84, 10.76, 38.4]",10.76,0.0028918493152464563,6.7718672920518275,38.17927797991995,0.12659270002041012,0.232768899993971,0.3593616000143811,,
4,complete,manhattan,2500,42,2500,,4,"[1271, 269, 723, 237]","[50.84, 10.76, 28.92, 9.48]",9.48,0.008638372008555596,6.31202886051292,67.03623735393555,0.12659270002041012,0.22584550001192838,0.3524382000323385,,
5,complete,manhattan,2500,42,2500,,5,"[1053, 269, 723, 237, 218]","[42.12, 10.76, 28.92, 9.48, 8.72]",8.72,0.001511998439400486,5.482889335645996,61.42790999481265,0.12659270002041012,0.2085343999788165,0.33512709999922663,,
6,complete,manhattan,2500,42,2500,,6,"[1053, 269, 313, 237, 410, 218]","[42.12, 10.76, 12.52, 9.48, 16.4, 8.72]",8.72,0.00021507435789873316,4.97239219821843,57.03406107506529,0.12659270002041012,0.20869399997172877,0.3352866999921389,,
7,complete,manhattan,2500,42,2500,,7,"[1053, 269, 313, 71, 410, 218, 166]","[42.12, 10.76, 12.52, 2.84, 16.4, 8.72, 6.64]",2.8400000000000003,-0.005226774682207419,5.208573104312587,49.25182141928287,0.12659270002041012,0.2172281999955885,0.34382090001599863,,
8,complete,manhattan,2500,42,2500,,8,"[658, 269, 313, 395, 71, 410, 218, 166]","[26.32, 10.76, 12.52, 15.8, 2.84, 16.4, 8.72, 6.64]",2.8400000000000003,-0.003237938938347902,4.935401530684448,48.38256595986051,0.12659270002041012,0.20653239998500794,0.33312510000541806,,
2,average,manhattan,2500,42,2500,,2,"[2219, 281]","[88.76, 11.24]",11.24,0.11707888966821647,2.66500824404906,137.90362796517456,0.13807629997609183,0.24535600002855062,0.38343230000464246,,
3,average,manhattan,2500,42,2500,,3,"[2217, 281, 2]","[88.68, 11.24, 0.08]",0.08,0.05034958409575473,2.226415648091342,70.2348486327445,0.13807629997609183,0.2560916000511497,0.39416790002724156,,cluster below 1%
4,average,manhattan,2500,42,2500,,4,"[2217, 274, 7, 2]","[88.68, 10.96, 0.28, 0.08]",0.08,0.005770571356567197,2.051829421286362,49.29967657732388,0.13807629997609183,0.2224545999779366,0.3605308999540284,,cluster below 1%
5,average,manhattan,2500,42,2500,,5,"[2142, 274, 75, 7, 2]","[85.68, 10.96, 3.0, 0.28, 0.08]",0.08,-0.006123085129142759,2.3656831926103097,45.392297662544486,0.13807629997609183,0.24606720003066584,0.3841435000067577,,cluster below 1%
6,average,manhattan,2500,42,2500,,6,"[2142, 274, 65, 10, 7, 2]","[85.68, 10.96, 2.6, 0.4, 0.28, 0.08]",0.08,-0.031594073167710346,2.195507034417054,37.88085655652393,0.13807629997609183,0.2210825000074692,0.35915879998356104,,cluster below 1%
7,average,manhattan,2500,42,2500,,7,"[2142, 103, 171, 65, 10, 7, 2]","[85.68, 4.12, 6.84, 2.6, 0.4, 0.28, 0.08]",0.08,-0.031457540008034676,2.801598040602898,33.60406110478206,0.13807629997609183,0.22223319998010993,0.36030949995620176,,cluster below 1%
8,average,manhattan,2500,42,2500,,8,"[2142, 103, 171, 50, 15, 10, 7, 2]","[85.68, 4.12, 6.84, 2.0, 0.6, 0.4, 0.28, 0.08]",0.08,-0.042490542642256504,2.700710084980067,30.11409010778419,0.13807629997609183,0.22473150002770126,0.3628078000037931,,cluster below 1%
