customer_id,cluster,provisional_cluster_name
CUST-000023,0,Cluster 0 (provisional)
CUST-000046,0,Cluster 0 (provisional)
CUST-000054,0,Cluster 0 (provisional)
CUST-000068,1,Cluster 1 (provisional)
CUST-000074,0,Cluster 0 (provisional)
CUST-000101,0,Cluster 0 (provisional)
CUST-000137,1,Cluster 1 (provisional)
CUST-000144,0,Cluster 0 (provisional)
CUST-000181,0,Cluster 0 (provisional)
CUST-000205,0,Cluster 0 (provisional)
CUST-000208,0,Cluster 0 (provisional)
CUST-000221,0,Cluster 0 (provisional)
CUST-000231,0,Cluster 0 (provisional)
CUST-000254,1,Cluster 1 (provisional)
CUST-000256,0,Cluster 0 (provisional)
CUST-000258,0,Cluster 0 (provisional)
CUST-000294,0,Cluster 0 (provisional)
CUST-000311,0,Cluster 0 (provisional)
CUST-000340,0,Cluster 0 (provisional)
CUST-000347,0,Cluster 0 (provisional)
CUST-000359,0,Cluster 0 (provisional)
CUST-000376,0,Cluster 0 (provisional)
CUST-000382,1,Cluster 1 (provisional)
CUST-000396,0,Cluster 0 (provisional)
CUST-000401,0,Cluster 0 (provisional)
CUST-000433,0,Cluster 0 (provisional)
CUST-000435,0,Cluster 0 (provisional)
CUST-000476,1,Cluster 1 (provisional)
CUST-000482,1,Cluster 1 (provisional)
CUST-000514,0,Cluster 0 (provisional)
CUST-000578,0,Cluster 0 (provisional)
CUST-000588,0,Cluster 0 (provisional)
CUST-000595,1,Cluster 1 (provisional)
CUST-000669,0,Cluster 0 (provisional)
CUST-000684,0,Cluster 0 (provisional)
CUST-000705,1,Cluster 1 (provisional)
CUST-000707,0,Cluster 0 (provisional)
CUST-000763,0,Cluster 0 (provisional)
CUST-000788,0,Cluster 0 (provisional)
CUST-000841,0,Cluster 0 (provisional)
CUST-000864,0,Cluster 0 (provisional)
CUST-000873,0,Cluster 0 (provisional)
CUST-000882,0,Cluster 0 (provisional)
CUST-000907,0,Cluster 0 (provisional)
CUST-000930,0,Cluster 0 (provisional)
CUST-000970,0,Cluster 0 (provisional)
CUST-000987,0,Cluster 0 (provisional)
CUST-000988,0,Cluster 0 (provisional)
CUST-001042,0,Cluster 0 (provisional)
CUST-001064,0,Cluster 0 (provisional)
CUST-001072,0,Cluster 0 (provisional)
CUST-001092,0,Cluster 0 (provisional)
CUST-001095,0,Cluster 0 (provisional)
CUST-001103,0,Cluster 0 (provisional)
CUST-001117,0,Cluster 0 (provisional)
CUST-001131,1,Cluster 1 (provisional)
CUST-001133,0,Cluster 0 (provisional)
CUST-001175,0,Cluster 0 (provisional)
CUST-001205,0,Cluster 0 (provisional)
CUST-001207,0,Cluster 0 (provisional)
CUST-001226,1,Cluster 1 (provisional)
CUST-001238,0,Cluster 0 (provisional)
CUST-001239,0,Cluster 0 (provisional)
CUST-001243,0,Cluster 0 (provisional)
CUST-001246,0,Cluster 0 (provisional)
CUST-001261,0,Cluster 0 (provisional)
CUST-001394,0,Cluster 0 (provisional)
CUST-001408,0,Cluster 0 (provisional)
CUST-001420,0,Cluster 0 (provisional)
CUST-001422,0,Cluster 0 (provisional)
CUST-001429,0,Cluster 0 (provisional)
CUST-001494,0,Cluster 0 (provisional)
CUST-001498,0,Cluster 0 (provisional)
CUST-001512,0,Cluster 0 (provisional)
CUST-001529,0,Cluster 0 (provisional)
CUST-001574,0,Cluster 0 (provisional)
CUST-001580,0,Cluster 0 (provisional)
CUST-001634,0,Cluster 0 (provisional)
CUST-001684,0,Cluster 0 (provisional)
CUST-001728,1,Cluster 1 (provisional)
CUST-001729,0,Cluster 0 (provisional)
CUST-001743,0,Cluster 0 (provisional)
CUST-001759,0,Cluster 0 (provisional)
CUST-001768,0,Cluster 0 (provisional)
CUST-001784,0,Cluster 0 (provisional)
CUST-001853,0,Cluster 0 (provisional)
CUST-001858,0,Cluster 0 (provisional)
CUST-001861,0,Cluster 0 (provisional)
CUST-001915,0,Cluster 0 (provisional)
CUST-001965,0,Cluster 0 (provisional)
CUST-001981,0,Cluster 0 (provisional)
CUST-001987,0,Cluster 0 (provisional)
CUST-002007,0,Cluster 0 (provisional)
CUST-002034,1,Cluster 1 (provisional)
CUST-002047,0,Cluster 0 (provisional)
CUST-002057,0,Cluster 0 (provisional)
CUST-002066,0,Cluster 0 (provisional)
CUST-002067,0,Cluster 0 (provisional)
CUST-002068,0,Cluster 0 (provisional)
CUST-002116,0,Cluster 0 (provisional)
CUST-002140,0,Cluster 0 (provisional)
CUST-002155,0,Cluster 0 (provisional)
CUST-002162,0,Cluster 0 (provisional)
CUST-002167,0,Cluster 0 (provisional)
CUST-002181,0,Cluster 0 (provisional)
CUST-002215,0,Cluster 0 (provisional)
CUST-002222,0,Cluster 0 (provisional)
CUST-002229,0,Cluster 0 (provisional)
CUST-002272,0,Cluster 0 (provisional)
CUST-002283,0,Cluster 0 (provisional)
CUST-002321,0,Cluster 0 (provisional)
CUST-002336,0,Cluster 0 (provisional)
CUST-002359,0,Cluster 0 (provisional)
CUST-002370,0,Cluster 0 (provisional)
CUST-002381,0,Cluster 0 (provisional)
CUST-002420,0,Cluster 0 (provisional)
CUST-002422,0,Cluster 0 (provisional)
CUST-002424,0,Cluster 0 (provisional)
CUST-002452,1,Cluster 1 (provisional)
CUST-002460,0,Cluster 0 (provisional)
CUST-002467,0,Cluster 0 (provisional)
CUST-002484,0,Cluster 0 (provisional)
CUST-002525,0,Cluster 0 (provisional)
CUST-002560,0,Cluster 0 (provisional)
CUST-002569,0,Cluster 0 (provisional)
CUST-002591,0,Cluster 0 (provisional)
CUST-002592,0,Cluster 0 (provisional)
CUST-002633,0,Cluster 0 (provisional)
CUST-002666,0,Cluster 0 (provisional)
CUST-002668,0,Cluster 0 (provisional)
CUST-002705,0,Cluster 0 (provisional)
CUST-002712,0,Cluster 0 (provisional)
CUST-002722,0,Cluster 0 (provisional)
CUST-002723,0,Cluster 0 (provisional)
CUST-002729,0,Cluster 0 (provisional)
CUST-002797,0,Cluster 0 (provisional)
CUST-002805,0,Cluster 0 (provisional)
CUST-002829,1,Cluster 1 (provisional)
CUST-002884,0,Cluster 0 (provisional)
CUST-002898,0,Cluster 0 (provisional)
CUST-002918,1,Cluster 1 (provisional)
CUST-002925,0,Cluster 0 (provisional)
CUST-002927,0,Cluster 0 (provisional)
CUST-002934,0,Cluster 0 (provisional)
CUST-002938,0,Cluster 0 (provisional)
CUST-002958,0,Cluster 0 (provisional)
CUST-003025,0,Cluster 0 (provisional)
CUST-003056,0,Cluster 0 (provisional)
CUST-003090,0,Cluster 0 (provisional)
CUST-003124,0,Cluster 0 (provisional)
CUST-003177,0,Cluster 0 (provisional)
CUST-003200,0,Cluster 0 (provisional)
CUST-003206,0,Cluster 0 (provisional)
CUST-003249,1,Cluster 1 (provisional)
CUST-003257,0,Cluster 0 (provisional)
CUST-003263,0,Cluster 0 (provisional)
CUST-003268,0,Cluster 0 (provisional)
CUST-003312,0,Cluster 0 (provisional)
CUST-003315,0,Cluster 0 (provisional)
CUST-003368,1,Cluster 1 (provisional)
CUST-003410,0,Cluster 0 (provisional)
CUST-003434,0,Cluster 0 (provisional)
CUST-003448,0,Cluster 0 (provisional)
CUST-003452,0,Cluster 0 (provisional)
CUST-003479,0,Cluster 0 (provisional)
CUST-003532,0,Cluster 0 (provisional)
CUST-003559,0,Cluster 0 (provisional)
CUST-003584,0,Cluster 0 (provisional)
CUST-003604,0,Cluster 0 (provisional)
CUST-003621,1,Cluster 1 (provisional)
CUST-003668,0,Cluster 0 (provisional)
CUST-003747,0,Cluster 0 (provisional)
CUST-003771,0,Cluster 0 (provisional)
CUST-003808,0,Cluster 0 (provisional)
CUST-003833,0,Cluster 0 (provisional)
CUST-003839,0,Cluster 0 (provisional)
CUST-003916,0,Cluster 0 (provisional)
CUST-003927,1,Cluster 1 (provisional)
CUST-003971,0,Cluster 0 (provisional)
CUST-003975,1,Cluster 1 (provisional)
CUST-004004,0,Cluster 0 (provisional)
CUST-004023,0,Cluster 0 (provisional)
CUST-004068,0,Cluster 0 (provisional)
CUST-004114,0,Cluster 0 (provisional)
CUST-004115,1,Cluster 1 (provisional)
CUST-004126,0,Cluster 0 (provisional)
CUST-004135,0,Cluster 0 (provisional)
CUST-004180,0,Cluster 0 (provisional)
CUST-004201,0,Cluster 0 (provisional)
CUST-004224,0,Cluster 0 (provisional)
CUST-004233,0,Cluster 0 (provisional)
CUST-004264,1,Cluster 1 (provisional)
CUST-004283,0,Cluster 0 (provisional)
CUST-004290,0,Cluster 0 (provisional)
CUST-004307,0,Cluster 0 (provisional)
CUST-004322,0,Cluster 0 (provisional)
CUST-004329,0,Cluster 0 (provisional)
CUST-004335,0,Cluster 0 (provisional)
CUST-004336,0,Cluster 0 (provisional)
CUST-004351,0,Cluster 0 (provisional)
CUST-004379,0,Cluster 0 (provisional)
CUST-004390,0,Cluster 0 (provisional)
CUST-004396,1,Cluster 1 (provisional)
CUST-004398,1,Cluster 1 (provisional)
CUST-004453,0,Cluster 0 (provisional)
CUST-004455,1,Cluster 1 (provisional)
CUST-004486,0,Cluster 0 (provisional)
CUST-004487,1,Cluster 1 (provisional)
CUST-004503,0,Cluster 0 (provisional)
CUST-004506,0,Cluster 0 (provisional)
CUST-004513,0,Cluster 0 (provisional)
CUST-004529,0,Cluster 0 (provisional)
CUST-004530,0,Cluster 0 (provisional)
CUST-004537,0,Cluster 0 (provisional)
CUST-004554,0,Cluster 0 (provisional)
CUST-004586,1,Cluster 1 (provisional)
CUST-004625,1,Cluster 1 (provisional)
CUST-004629,0,Cluster 0 (provisional)
CUST-004650,0,Cluster 0 (provisional)
CUST-004668,0,Cluster 0 (provisional)
CUST-004675,0,Cluster 0 (provisional)
CUST-004677,0,Cluster 0 (provisional)
CUST-004691,0,Cluster 0 (provisional)
CUST-004695,0,Cluster 0 (provisional)
CUST-004699,0,Cluster 0 (provisional)
CUST-004711,0,Cluster 0 (provisional)
CUST-004724,0,Cluster 0 (provisional)
CUST-004728,0,Cluster 0 (provisional)
CUST-004747,0,Cluster 0 (provisional)
CUST-004795,0,Cluster 0 (provisional)
CUST-004801,0,Cluster 0 (provisional)
CUST-004809,0,Cluster 0 (provisional)
CUST-004872,1,Cluster 1 (provisional)
CUST-004900,1,Cluster 1 (provisional)
CUST-004906,0,Cluster 0 (provisional)
CUST-004910,0,Cluster 0 (provisional)
CUST-004928,0,Cluster 0 (provisional)
CUST-004930,0,Cluster 0 (provisional)
CUST-004945,0,Cluster 0 (provisional)
CUST-004973,0,Cluster 0 (provisional)
CUST-004988,0,Cluster 0 (provisional)
CUST-005009,0,Cluster 0 (provisional)
CUST-005017,0,Cluster 0 (provisional)
CUST-005023,0,Cluster 0 (provisional)
CUST-005031,0,Cluster 0 (provisional)
CUST-005098,0,Cluster 0 (provisional)
CUST-005108,0,Cluster 0 (provisional)
CUST-005149,0,Cluster 0 (provisional)
CUST-005210,0,Cluster 0 (provisional)
CUST-005213,1,Cluster 1 (provisional)
CUST-005231,0,Cluster 0 (provisional)
CUST-005252,0,Cluster 0 (provisional)
CUST-005280,1,Cluster 1 (provisional)
CUST-005297,0,Cluster 0 (provisional)
CUST-005302,0,Cluster 0 (provisional)
CUST-005303,0,Cluster 0 (provisional)
CUST-005311,0,Cluster 0 (provisional)
CUST-005338,0,Cluster 0 (provisional)
CUST-005367,0,Cluster 0 (provisional)
CUST-005373,0,Cluster 0 (provisional)
CUST-005400,0,Cluster 0 (provisional)
CUST-005410,0,Cluster 0 (provisional)
CUST-005415,0,Cluster 0 (provisional)
CUST-005418,0,Cluster 0 (provisional)
CUST-005438,0,Cluster 0 (provisional)
CUST-005445,1,Cluster 1 (provisional)
CUST-005466,0,Cluster 0 (provisional)
CUST-005482,0,Cluster 0 (provisional)
CUST-005550,0,Cluster 0 (provisional)
CUST-005556,0,Cluster 0 (provisional)
CUST-005585,0,Cluster 0 (provisional)
CUST-005597,0,Cluster 0 (provisional)
CUST-005614,0,Cluster 0 (provisional)
CUST-005633,0,Cluster 0 (provisional)
CUST-005664,0,Cluster 0 (provisional)
CUST-005676,0,Cluster 0 (provisional)
CUST-005720,1,Cluster 1 (provisional)
CUST-005732,1,Cluster 1 (provisional)
CUST-005776,0,Cluster 0 (provisional)
CUST-005778,0,Cluster 0 (provisional)
CUST-005793,0,Cluster 0 (provisional)
CUST-005831,0,Cluster 0 (provisional)
CUST-005841,0,Cluster 0 (provisional)
CUST-005843,0,Cluster 0 (provisional)
CUST-005849,0,Cluster 0 (provisional)
CUST-005859,0,Cluster 0 (provisional)
CUST-005899,0,Cluster 0 (provisional)
CUST-005906,0,Cluster 0 (provisional)
CUST-005911,0,Cluster 0 (provisional)
CUST-005927,0,Cluster 0 (provisional)
CUST-005987,0,Cluster 0 (provisional)
CUST-005993,1,Cluster 1 (provisional)
CUST-006005,1,Cluster 1 (provisional)
CUST-006008,0,Cluster 0 (provisional)
CUST-006031,0,Cluster 0 (provisional)
CUST-006044,0,Cluster 0 (provisional)
CUST-006055,0,Cluster 0 (provisional)
CUST-006077,1,Cluster 1 (provisional)
CUST-006108,0,Cluster 0 (provisional)
CUST-006117,1,Cluster 1 (provisional)
CUST-006140,0,Cluster 0 (provisional)
CUST-006150,0,Cluster 0 (provisional)
CUST-006156,0,Cluster 0 (provisional)
CUST-006252,0,Cluster 0 (provisional)
CUST-006262,0,Cluster 0 (provisional)
CUST-006291,0,Cluster 0 (provisional)
CUST-006303,0,Cluster 0 (provisional)
CUST-006308,0,Cluster 0 (provisional)
CUST-006314,0,Cluster 0 (provisional)
CUST-006328,0,Cluster 0 (provisional)
CUST-006353,0,Cluster 0 (provisional)
CUST-006356,0,Cluster 0 (provisional)
CUST-006371,0,Cluster 0 (provisional)
CUST-006385,1,Cluster 1 (provisional)
CUST-006394,0,Cluster 0 (provisional)
CUST-006438,0,Cluster 0 (provisional)
CUST-006451,0,Cluster 0 (provisional)
CUST-006498,0,Cluster 0 (provisional)
CUST-006506,1,Cluster 1 (provisional)
CUST-006522,0,Cluster 0 (provisional)
CUST-006526,0,Cluster 0 (provisional)
CUST-006533,0,Cluster 0 (provisional)
CUST-006539,0,Cluster 0 (provisional)
CUST-006559,0,Cluster 0 (provisional)
CUST-006566,0,Cluster 0 (provisional)
CUST-006578,0,Cluster 0 (provisional)
CUST-006581,0,Cluster 0 (provisional)
CUST-006589,0,Cluster 0 (provisional)
CUST-006610,0,Cluster 0 (provisional)
CUST-006614,0,Cluster 0 (provisional)
CUST-006647,0,Cluster 0 (provisional)
CUST-006665,0,Cluster 0 (provisional)
CUST-006686,0,Cluster 0 (provisional)
CUST-006725,0,Cluster 0 (provisional)
CUST-006775,0,Cluster 0 (provisional)
CUST-006795,0,Cluster 0 (provisional)
CUST-006823,1,Cluster 1 (provisional)
CUST-006826,0,Cluster 0 (provisional)
CUST-006875,1,Cluster 1 (provisional)
CUST-006908,0,Cluster 0 (provisional)
CUST-006931,0,Cluster 0 (provisional)
CUST-006938,0,Cluster 0 (provisional)
CUST-006951,0,Cluster 0 (provisional)
CUST-006962,1,Cluster 1 (provisional)
CUST-006968,0,Cluster 0 (provisional)
CUST-006992,0,Cluster 0 (provisional)
CUST-007014,0,Cluster 0 (provisional)
CUST-007022,0,Cluster 0 (provisional)
CUST-007023,0,Cluster 0 (provisional)
CUST-007035,0,Cluster 0 (provisional)
CUST-007053,0,Cluster 0 (provisional)
CUST-007057,0,Cluster 0 (provisional)
CUST-007062,0,Cluster 0 (provisional)
CUST-007139,0,Cluster 0 (provisional)
CUST-007140,0,Cluster 0 (provisional)
CUST-007151,0,Cluster 0 (provisional)
CUST-007152,0,Cluster 0 (provisional)
CUST-007172,1,Cluster 1 (provisional)
CUST-007184,0,Cluster 0 (provisional)
CUST-007204,1,Cluster 1 (provisional)
CUST-007229,1,Cluster 1 (provisional)
CUST-007234,0,Cluster 0 (provisional)
CUST-007272,0,Cluster 0 (provisional)
CUST-007275,1,Cluster 1 (provisional)
CUST-007292,0,Cluster 0 (provisional)
CUST-007293,0,Cluster 0 (provisional)
CUST-007296,0,Cluster 0 (provisional)
CUST-007308,0,Cluster 0 (provisional)
CUST-007311,0,Cluster 0 (provisional)
CUST-007327,0,Cluster 0 (provisional)
CUST-007330,0,Cluster 0 (provisional)
CUST-007333,0,Cluster 0 (provisional)
CUST-007354,0,Cluster 0 (provisional)
CUST-007387,0,Cluster 0 (provisional)
CUST-007410,0,Cluster 0 (provisional)
CUST-007445,0,Cluster 0 (provisional)
CUST-007472,0,Cluster 0 (provisional)
CUST-007532,1,Cluster 1 (provisional)
CUST-007538,1,Cluster 1 (provisional)
CUST-007547,0,Cluster 0 (provisional)
CUST-007554,0,Cluster 0 (provisional)
CUST-007555,1,Cluster 1 (provisional)
CUST-007567,0,Cluster 0 (provisional)
CUST-007576,1,Cluster 1 (provisional)
CUST-007590,0,Cluster 0 (provisional)
CUST-007644,0,Cluster 0 (provisional)
CUST-007646,0,Cluster 0 (provisional)
CUST-007656,0,Cluster 0 (provisional)
CUST-007699,0,Cluster 0 (provisional)
CUST-007702,1,Cluster 1 (provisional)
CUST-007712,0,Cluster 0 (provisional)
CUST-007717,0,Cluster 0 (provisional)
CUST-007728,0,Cluster 0 (provisional)
CUST-007742,0,Cluster 0 (provisional)
CUST-007753,1,Cluster 1 (provisional)
CUST-007759,0,Cluster 0 (provisional)
CUST-007766,0,Cluster 0 (provisional)
CUST-007774,0,Cluster 0 (provisional)
CUST-007798,0,Cluster 0 (provisional)
CUST-007848,1,Cluster 1 (provisional)
CUST-007849,0,Cluster 0 (provisional)
CUST-007884,0,Cluster 0 (provisional)
CUST-007890,0,Cluster 0 (provisional)
CUST-007949,0,Cluster 0 (provisional)
CUST-007958,0,Cluster 0 (provisional)
CUST-007979,0,Cluster 0 (provisional)
CUST-007992,0,Cluster 0 (provisional)
CUST-007998,1,Cluster 1 (provisional)
CUST-008009,0,Cluster 0 (provisional)
CUST-008030,0,Cluster 0 (provisional)
CUST-008057,0,Cluster 0 (provisional)
CUST-008079,0,Cluster 0 (provisional)
CUST-008088,0,Cluster 0 (provisional)
CUST-008125,1,Cluster 1 (provisional)
CUST-008176,0,Cluster 0 (provisional)
CUST-008205,0,Cluster 0 (provisional)
CUST-008208,0,Cluster 0 (provisional)
CUST-008215,1,Cluster 1 (provisional)
CUST-008220,0,Cluster 0 (provisional)
CUST-008253,0,Cluster 0 (provisional)
CUST-008290,0,Cluster 0 (provisional)
CUST-008300,0,Cluster 0 (provisional)
CUST-008304,0,Cluster 0 (provisional)
CUST-008311,1,Cluster 1 (provisional)
CUST-008312,0,Cluster 0 (provisional)
CUST-008324,0,Cluster 0 (provisional)
CUST-008344,1,Cluster 1 (provisional)
CUST-008349,0,Cluster 0 (provisional)
CUST-008364,1,Cluster 1 (provisional)
CUST-008372,0,Cluster 0 (provisional)
CUST-008374,0,Cluster 0 (provisional)
CUST-008401,0,Cluster 0 (provisional)
CUST-008438,0,Cluster 0 (provisional)
CUST-008464,0,Cluster 0 (provisional)
CUST-008466,1,Cluster 1 (provisional)
CUST-008485,0,Cluster 0 (provisional)
CUST-008501,0,Cluster 0 (provisional)
CUST-008512,0,Cluster 0 (provisional)
CUST-008516,1,Cluster 1 (provisional)
CUST-008528,0,Cluster 0 (provisional)
CUST-008530,0,Cluster 0 (provisional)
CUST-008601,0,Cluster 0 (provisional)
CUST-008608,0,Cluster 0 (provisional)
CUST-008613,1,Cluster 1 (provisional)
CUST-008667,1,Cluster 1 (provisional)
CUST-008670,0,Cluster 0 (provisional)
CUST-008679,1,Cluster 1 (provisional)
CUST-008687,0,Cluster 0 (provisional)
CUST-008688,0,Cluster 0 (provisional)
CUST-008734,1,Cluster 1 (provisional)
CUST-008738,0,Cluster 0 (provisional)
CUST-008750,0,Cluster 0 (provisional)
CUST-008793,0,Cluster 0 (provisional)
CUST-008832,0,Cluster 0 (provisional)
CUST-008840,1,Cluster 1 (provisional)
CUST-008867,0,Cluster 0 (provisional)
CUST-008923,1,Cluster 1 (provisional)
CUST-008927,1,Cluster 1 (provisional)
CUST-008929,0,Cluster 0 (provisional)
CUST-008955,0,Cluster 0 (provisional)
CUST-008969,0,Cluster 0 (provisional)
CUST-008980,0,Cluster 0 (provisional)
CUST-008996,1,Cluster 1 (provisional)
CUST-009005,0,Cluster 0 (provisional)
CUST-009016,0,Cluster 0 (provisional)
CUST-009017,0,Cluster 0 (provisional)
CUST-009035,0,Cluster 0 (provisional)
CUST-009050,1,Cluster 1 (provisional)
CUST-009075,0,Cluster 0 (provisional)
CUST-009093,0,Cluster 0 (provisional)
CUST-009109,0,Cluster 0 (provisional)
CUST-009122,0,Cluster 0 (provisional)
CUST-009150,0,Cluster 0 (provisional)
CUST-009151,0,Cluster 0 (provisional)
CUST-009175,0,Cluster 0 (provisional)
CUST-009224,0,Cluster 0 (provisional)
CUST-009260,0,Cluster 0 (provisional)
CUST-009358,0,Cluster 0 (provisional)
CUST-009413,1,Cluster 1 (provisional)
CUST-009422,0,Cluster 0 (provisional)
CUST-009435,0,Cluster 0 (provisional)
CUST-009464,0,Cluster 0 (provisional)
CUST-009496,0,Cluster 0 (provisional)
CUST-009505,0,Cluster 0 (provisional)
CUST-009513,0,Cluster 0 (provisional)
CUST-009523,0,Cluster 0 (provisional)
CUST-009540,0,Cluster 0 (provisional)
CUST-009546,0,Cluster 0 (provisional)
CUST-009608,1,Cluster 1 (provisional)
CUST-009647,0,Cluster 0 (provisional)
CUST-009663,0,Cluster 0 (provisional)
CUST-009669,0,Cluster 0 (provisional)
CUST-009689,0,Cluster 0 (provisional)
CUST-009708,1,Cluster 1 (provisional)
CUST-009763,0,Cluster 0 (provisional)
CUST-009771,0,Cluster 0 (provisional)
CUST-009779,0,Cluster 0 (provisional)
CUST-009783,0,Cluster 0 (provisional)
CUST-009813,0,Cluster 0 (provisional)
CUST-009815,0,Cluster 0 (provisional)
CUST-009836,0,Cluster 0 (provisional)
CUST-009864,0,Cluster 0 (provisional)
CUST-009910,0,Cluster 0 (provisional)
CUST-009922,0,Cluster 0 (provisional)
CUST-009938,0,Cluster 0 (provisional)
CUST-009939,0,Cluster 0 (provisional)
CUST-009955,0,Cluster 0 (provisional)
CUST-010006,0,Cluster 0 (provisional)
CUST-010007,0,Cluster 0 (provisional)
CUST-010020,0,Cluster 0 (provisional)
CUST-010024,0,Cluster 0 (provisional)
CUST-010025,0,Cluster 0 (provisional)
CUST-010060,0,Cluster 0 (provisional)
CUST-010096,0,Cluster 0 (provisional)
CUST-010104,0,Cluster 0 (provisional)
CUST-010109,0,Cluster 0 (provisional)
CUST-010112,0,Cluster 0 (provisional)
CUST-010121,0,Cluster 0 (provisional)
CUST-010146,0,Cluster 0 (provisional)
CUST-010204,1,Cluster 1 (provisional)
CUST-010221,0,Cluster 0 (provisional)
CUST-010268,1,Cluster 1 (provisional)
CUST-010354,0,Cluster 0 (provisional)
CUST-010381,1,Cluster 1 (provisional)
CUST-010419,1,Cluster 1 (provisional)
CUST-010430,0,Cluster 0 (provisional)
CUST-010448,1,Cluster 1 (provisional)
CUST-010502,0,Cluster 0 (provisional)
CUST-010597,1,Cluster 1 (provisional)
CUST-010648,0,Cluster 0 (provisional)
CUST-010652,0,Cluster 0 (provisional)
CUST-010665,0,Cluster 0 (provisional)
CUST-010718,0,Cluster 0 (provisional)
CUST-010729,0,Cluster 0 (provisional)
CUST-010750,0,Cluster 0 (provisional)
CUST-010785,0,Cluster 0 (provisional)
CUST-011018,0,Cluster 0 (provisional)
CUST-011046,0,Cluster 0 (provisional)
CUST-011060,0,Cluster 0 (provisional)
CUST-011067,0,Cluster 0 (provisional)
CUST-011112,0,Cluster 0 (provisional)
CUST-011123,0,Cluster 0 (provisional)
CUST-011130,0,Cluster 0 (provisional)
CUST-011131,0,Cluster 0 (provisional)
CUST-011134,0,Cluster 0 (provisional)
CUST-011141,0,Cluster 0 (provisional)
CUST-011143,0,Cluster 0 (provisional)
CUST-011206,0,Cluster 0 (provisional)
CUST-011275,0,Cluster 0 (provisional)
CUST-011334,0,Cluster 0 (provisional)
CUST-011348,0,Cluster 0 (provisional)
CUST-011352,0,Cluster 0 (provisional)
CUST-011366,0,Cluster 0 (provisional)
CUST-011373,0,Cluster 0 (provisional)
CUST-011375,0,Cluster 0 (provisional)
CUST-011378,0,Cluster 0 (provisional)
CUST-011382,0,Cluster 0 (provisional)
CUST-011388,1,Cluster 1 (provisional)
CUST-011436,0,Cluster 0 (provisional)
CUST-011468,1,Cluster 1 (provisional)
CUST-011480,0,Cluster 0 (provisional)
CUST-011514,1,Cluster 1 (provisional)
CUST-011517,0,Cluster 0 (provisional)
CUST-011519,0,Cluster 0 (provisional)
CUST-011562,0,Cluster 0 (provisional)
CUST-011571,0,Cluster 0 (provisional)
CUST-011594,0,Cluster 0 (provisional)
CUST-011607,0,Cluster 0 (provisional)
CUST-011638,0,Cluster 0 (provisional)
CUST-011656,0,Cluster 0 (provisional)
CUST-011665,0,Cluster 0 (provisional)
CUST-011676,0,Cluster 0 (provisional)
CUST-011678,1,Cluster 1 (provisional)
CUST-011679,0,Cluster 0 (provisional)
CUST-011689,0,Cluster 0 (provisional)
CUST-011691,0,Cluster 0 (provisional)
CUST-011693,0,Cluster 0 (provisional)
CUST-011701,0,Cluster 0 (provisional)
CUST-011704,1,Cluster 1 (provisional)
CUST-011737,0,Cluster 0 (provisional)
CUST-011744,0,Cluster 0 (provisional)
CUST-011790,0,Cluster 0 (provisional)
CUST-011805,0,Cluster 0 (provisional)
CUST-011834,0,Cluster 0 (provisional)
CUST-011849,0,Cluster 0 (provisional)
CUST-011859,0,Cluster 0 (provisional)
CUST-011860,0,Cluster 0 (provisional)
CUST-011877,0,Cluster 0 (provisional)
CUST-011885,1,Cluster 1 (provisional)
CUST-011894,0,Cluster 0 (provisional)
CUST-011900,0,Cluster 0 (provisional)
CUST-011954,0,Cluster 0 (provisional)
CUST-011958,0,Cluster 0 (provisional)
CUST-011968,0,Cluster 0 (provisional)
CUST-011998,0,Cluster 0 (provisional)
CUST-012003,1,Cluster 1 (provisional)
CUST-012028,0,Cluster 0 (provisional)
CUST-012060,0,Cluster 0 (provisional)
CUST-012063,0,Cluster 0 (provisional)
CUST-012067,0,Cluster 0 (provisional)
CUST-012096,0,Cluster 0 (provisional)
CUST-012097,0,Cluster 0 (provisional)
CUST-012106,0,Cluster 0 (provisional)
CUST-012115,0,Cluster 0 (provisional)
CUST-012135,1,Cluster 1 (provisional)
CUST-012149,0,Cluster 0 (provisional)
CUST-012165,1,Cluster 1 (provisional)
CUST-012173,0,Cluster 0 (provisional)
CUST-012198,1,Cluster 1 (provisional)
CUST-012228,0,Cluster 0 (provisional)
CUST-012235,0,Cluster 0 (provisional)
CUST-012246,0,Cluster 0 (provisional)
CUST-012249,0,Cluster 0 (provisional)
CUST-012266,1,Cluster 1 (provisional)
CUST-012304,0,Cluster 0 (provisional)
CUST-012308,0,Cluster 0 (provisional)
CUST-012324,0,Cluster 0 (provisional)
CUST-012333,0,Cluster 0 (provisional)
CUST-012383,0,Cluster 0 (provisional)
CUST-012394,0,Cluster 0 (provisional)
CUST-012425,0,Cluster 0 (provisional)
CUST-012444,0,Cluster 0 (provisional)
CUST-012461,1,Cluster 1 (provisional)
CUST-012542,1,Cluster 1 (provisional)
CUST-012586,0,Cluster 0 (provisional)
CUST-012589,0,Cluster 0 (provisional)
CUST-012616,0,Cluster 0 (provisional)
CUST-012622,0,Cluster 0 (provisional)
CUST-012656,1,Cluster 1 (provisional)
CUST-012706,0,Cluster 0 (provisional)
CUST-012722,0,Cluster 0 (provisional)
CUST-012730,1,Cluster 1 (provisional)
CUST-012731,0,Cluster 0 (provisional)
CUST-012741,0,Cluster 0 (provisional)
CUST-012793,0,Cluster 0 (provisional)
CUST-012841,0,Cluster 0 (provisional)
CUST-012887,0,Cluster 0 (provisional)
CUST-012899,0,Cluster 0 (provisional)
CUST-013009,0,Cluster 0 (provisional)
CUST-013018,0,Cluster 0 (provisional)
CUST-013054,0,Cluster 0 (provisional)
CUST-013088,0,Cluster 0 (provisional)
CUST-013122,0,Cluster 0 (provisional)
CUST-013131,0,Cluster 0 (provisional)
CUST-013139,1,Cluster 1 (provisional)
CUST-013199,0,Cluster 0 (provisional)
CUST-013234,0,Cluster 0 (provisional)
CUST-013242,0,Cluster 0 (provisional)
CUST-013247,0,Cluster 0 (provisional)
CUST-013257,0,Cluster 0 (provisional)
CUST-013273,0,Cluster 0 (provisional)
CUST-013285,0,Cluster 0 (provisional)
CUST-013302,0,Cluster 0 (provisional)
CUST-013307,1,Cluster 1 (provisional)
CUST-013310,0,Cluster 0 (provisional)
CUST-013312,0,Cluster 0 (provisional)
CUST-013314,0,Cluster 0 (provisional)
CUST-013339,0,Cluster 0 (provisional)
CUST-013354,0,Cluster 0 (provisional)
CUST-013365,0,Cluster 0 (provisional)
CUST-013445,0,Cluster 0 (provisional)
CUST-013451,0,Cluster 0 (provisional)
CUST-013509,0,Cluster 0 (provisional)
CUST-013511,0,Cluster 0 (provisional)
CUST-013549,0,Cluster 0 (provisional)
CUST-013550,0,Cluster 0 (provisional)
CUST-013554,0,Cluster 0 (provisional)
CUST-013557,0,Cluster 0 (provisional)
CUST-013564,0,Cluster 0 (provisional)
CUST-013591,0,Cluster 0 (provisional)
CUST-013604,0,Cluster 0 (provisional)
CUST-013674,0,Cluster 0 (provisional)
CUST-013694,0,Cluster 0 (provisional)
CUST-013704,0,Cluster 0 (provisional)
CUST-013708,0,Cluster 0 (provisional)
CUST-013727,0,Cluster 0 (provisional)
CUST-013767,0,Cluster 0 (provisional)
CUST-013768,0,Cluster 0 (provisional)
CUST-013774,0,Cluster 0 (provisional)
CUST-013803,0,Cluster 0 (provisional)
CUST-013829,0,Cluster 0 (provisional)
CUST-013839,0,Cluster 0 (provisional)
CUST-013841,0,Cluster 0 (provisional)
CUST-013844,0,Cluster 0 (provisional)
CUST-013902,0,Cluster 0 (provisional)
CUST-013926,0,Cluster 0 (provisional)
CUST-013930,0,Cluster 0 (provisional)
CUST-013940,0,Cluster 0 (provisional)
CUST-013969,0,Cluster 0 (provisional)
CUST-013980,1,Cluster 1 (provisional)
CUST-013986,0,Cluster 0 (provisional)
CUST-014009,0,Cluster 0 (provisional)
CUST-014023,0,Cluster 0 (provisional)
CUST-014032,0,Cluster 0 (provisional)
CUST-014061,0,Cluster 0 (provisional)
CUST-014082,0,Cluster 0 (provisional)
CUST-014097,1,Cluster 1 (provisional)
CUST-014113,1,Cluster 1 (provisional)
CUST-014122,1,Cluster 1 (provisional)
CUST-014131,0,Cluster 0 (provisional)
CUST-014138,0,Cluster 0 (provisional)
CUST-014140,0,Cluster 0 (provisional)
CUST-014150,0,Cluster 0 (provisional)
CUST-014157,0,Cluster 0 (provisional)
CUST-014174,0,Cluster 0 (provisional)
CUST-014184,1,Cluster 1 (provisional)
CUST-014209,0,Cluster 0 (provisional)
CUST-014236,0,Cluster 0 (provisional)
CUST-014249,0,Cluster 0 (provisional)
CUST-014324,0,Cluster 0 (provisional)
CUST-014332,0,Cluster 0 (provisional)
CUST-014359,0,Cluster 0 (provisional)
CUST-014391,0,Cluster 0 (provisional)
CUST-014392,0,Cluster 0 (provisional)
CUST-014406,0,Cluster 0 (provisional)
CUST-014434,0,Cluster 0 (provisional)
CUST-014439,1,Cluster 1 (provisional)
CUST-014446,1,Cluster 1 (provisional)
CUST-014457,1,Cluster 1 (provisional)
CUST-014470,0,Cluster 0 (provisional)
CUST-014475,0,Cluster 0 (provisional)
CUST-014490,0,Cluster 0 (provisional)
CUST-014492,0,Cluster 0 (provisional)
CUST-014528,0,Cluster 0 (provisional)
CUST-014549,0,Cluster 0 (provisional)
CUST-014574,0,Cluster 0 (provisional)
CUST-014575,0,Cluster 0 (provisional)
CUST-014600,0,Cluster 0 (provisional)
CUST-014603,0,Cluster 0 (provisional)
CUST-014607,0,Cluster 0 (provisional)
CUST-014638,0,Cluster 0 (provisional)
CUST-014653,0,Cluster 0 (provisional)
CUST-014666,1,Cluster 1 (provisional)
CUST-014697,0,Cluster 0 (provisional)
CUST-014731,0,Cluster 0 (provisional)
CUST-014746,1,Cluster 1 (provisional)
CUST-014808,0,Cluster 0 (provisional)
CUST-014818,0,Cluster 0 (provisional)
CUST-014833,0,Cluster 0 (provisional)
CUST-014847,0,Cluster 0 (provisional)
CUST-014848,0,Cluster 0 (provisional)
CUST-014911,0,Cluster 0 (provisional)
CUST-014918,0,Cluster 0 (provisional)
CUST-014930,0,Cluster 0 (provisional)
CUST-014940,0,Cluster 0 (provisional)
CUST-014959,0,Cluster 0 (provisional)
CUST-014962,0,Cluster 0 (provisional)
CUST-014985,0,Cluster 0 (provisional)
CUST-015030,1,Cluster 1 (provisional)
CUST-015041,0,Cluster 0 (provisional)
CUST-015052,0,Cluster 0 (provisional)
CUST-015064,0,Cluster 0 (provisional)
CUST-015094,0,Cluster 0 (provisional)
CUST-015149,0,Cluster 0 (provisional)
CUST-015170,1,Cluster 1 (provisional)
CUST-015180,0,Cluster 0 (provisional)
CUST-015187,0,Cluster 0 (provisional)
CUST-015191,0,Cluster 0 (provisional)
CUST-015207,0,Cluster 0 (provisional)
CUST-015249,0,Cluster 0 (provisional)
CUST-015259,0,Cluster 0 (provisional)
CUST-015283,0,Cluster 0 (provisional)
CUST-015290,0,Cluster 0 (provisional)
CUST-015298,0,Cluster 0 (provisional)
CUST-015306,0,Cluster 0 (provisional)
CUST-015328,0,Cluster 0 (provisional)
CUST-015331,0,Cluster 0 (provisional)
CUST-015349,0,Cluster 0 (provisional)
CUST-015361,0,Cluster 0 (provisional)
CUST-015377,0,Cluster 0 (provisional)
CUST-015390,0,Cluster 0 (provisional)
CUST-015392,0,Cluster 0 (provisional)
CUST-015396,0,Cluster 0 (provisional)
CUST-015404,0,Cluster 0 (provisional)
CUST-015408,0,Cluster 0 (provisional)
CUST-015429,0,Cluster 0 (provisional)
CUST-015431,0,Cluster 0 (provisional)
CUST-015437,0,Cluster 0 (provisional)
CUST-015452,0,Cluster 0 (provisional)
CUST-015460,0,Cluster 0 (provisional)
CUST-015489,0,Cluster 0 (provisional)
CUST-015503,0,Cluster 0 (provisional)
CUST-015508,0,Cluster 0 (provisional)
CUST-015543,0,Cluster 0 (provisional)
CUST-015548,0,Cluster 0 (provisional)
CUST-015555,0,Cluster 0 (provisional)
CUST-015587,0,Cluster 0 (provisional)
CUST-015611,1,Cluster 1 (provisional)
CUST-015663,1,Cluster 1 (provisional)
CUST-015683,0,Cluster 0 (provisional)
CUST-015693,1,Cluster 1 (provisional)
CUST-015700,0,Cluster 0 (provisional)
CUST-015711,1,Cluster 1 (provisional)
CUST-015737,0,Cluster 0 (provisional)
CUST-015754,1,Cluster 1 (provisional)
CUST-015757,0,Cluster 0 (provisional)
CUST-015783,0,Cluster 0 (provisional)
CUST-015828,0,Cluster 0 (provisional)
CUST-015835,1,Cluster 1 (provisional)
CUST-015887,0,Cluster 0 (provisional)
CUST-015890,1,Cluster 1 (provisional)
CUST-015892,0,Cluster 0 (provisional)
CUST-015902,1,Cluster 1 (provisional)
CUST-015906,0,Cluster 0 (provisional)
CUST-015929,0,Cluster 0 (provisional)
CUST-015932,0,Cluster 0 (provisional)
CUST-015934,0,Cluster 0 (provisional)
CUST-015946,0,Cluster 0 (provisional)
CUST-015980,0,Cluster 0 (provisional)
CUST-016006,0,Cluster 0 (provisional)
CUST-016017,0,Cluster 0 (provisional)
CUST-016057,0,Cluster 0 (provisional)
CUST-016061,0,Cluster 0 (provisional)
CUST-016070,0,Cluster 0 (provisional)
CUST-016105,0,Cluster 0 (provisional)
CUST-016140,0,Cluster 0 (provisional)
CUST-016141,0,Cluster 0 (provisional)
CUST-016149,0,Cluster 0 (provisional)
CUST-016187,0,Cluster 0 (provisional)
CUST-016188,0,Cluster 0 (provisional)
CUST-016193,0,Cluster 0 (provisional)
CUST-016245,0,Cluster 0 (provisional)
CUST-016256,0,Cluster 0 (provisional)
CUST-016260,0,Cluster 0 (provisional)
CUST-016266,0,Cluster 0 (provisional)
CUST-016293,0,Cluster 0 (provisional)
CUST-016295,0,Cluster 0 (provisional)
CUST-016304,1,Cluster 1 (provisional)
CUST-016307,0,Cluster 0 (provisional)
CUST-016406,0,Cluster 0 (provisional)
CUST-016411,0,Cluster 0 (provisional)
CUST-016428,1,Cluster 1 (provisional)
CUST-016440,1,Cluster 1 (provisional)
CUST-016459,0,Cluster 0 (provisional)
CUST-016480,0,Cluster 0 (provisional)
CUST-016486,1,Cluster 1 (provisional)
CUST-016495,0,Cluster 0 (provisional)
CUST-016505,0,Cluster 0 (provisional)
CUST-016515,0,Cluster 0 (provisional)
CUST-016545,1,Cluster 1 (provisional)
CUST-016562,0,Cluster 0 (provisional)
CUST-016569,0,Cluster 0 (provisional)
CUST-016609,1,Cluster 1 (provisional)
CUST-016651,0,Cluster 0 (provisional)
CUST-016654,1,Cluster 1 (provisional)
CUST-016666,0,Cluster 0 (provisional)
CUST-016671,0,Cluster 0 (provisional)
CUST-016677,0,Cluster 0 (provisional)
CUST-016679,0,Cluster 0 (provisional)
CUST-016690,0,Cluster 0 (provisional)
CUST-016741,0,Cluster 0 (provisional)
CUST-016770,0,Cluster 0 (provisional)
CUST-016773,0,Cluster 0 (provisional)
CUST-016791,0,Cluster 0 (provisional)
CUST-016821,0,Cluster 0 (provisional)
CUST-016859,0,Cluster 0 (provisional)
CUST-016891,0,Cluster 0 (provisional)
CUST-016944,0,Cluster 0 (provisional)
CUST-016960,1,Cluster 1 (provisional)
CUST-016973,0,Cluster 0 (provisional)
CUST-017036,1,Cluster 1 (provisional)
CUST-017072,0,Cluster 0 (provisional)
CUST-017137,0,Cluster 0 (provisional)
CUST-017141,1,Cluster 1 (provisional)
CUST-017154,0,Cluster 0 (provisional)
CUST-017155,1,Cluster 1 (provisional)
CUST-017181,0,Cluster 0 (provisional)
CUST-017189,0,Cluster 0 (provisional)
CUST-017224,0,Cluster 0 (provisional)
CUST-017244,0,Cluster 0 (provisional)
CUST-017254,0,Cluster 0 (provisional)
CUST-017318,0,Cluster 0 (provisional)
CUST-017336,0,Cluster 0 (provisional)
CUST-017339,0,Cluster 0 (provisional)
CUST-017352,0,Cluster 0 (provisional)
CUST-017391,0,Cluster 0 (provisional)
CUST-017401,1,Cluster 1 (provisional)
CUST-017412,0,Cluster 0 (provisional)
CUST-017457,0,Cluster 0 (provisional)
CUST-017500,0,Cluster 0 (provisional)
CUST-017608,0,Cluster 0 (provisional)
CUST-017654,0,Cluster 0 (provisional)
CUST-017668,0,Cluster 0 (provisional)
CUST-017679,1,Cluster 1 (provisional)
CUST-017719,0,Cluster 0 (provisional)
CUST-017723,0,Cluster 0 (provisional)
CUST-017732,0,Cluster 0 (provisional)
CUST-017751,0,Cluster 0 (provisional)
CUST-017790,0,Cluster 0 (provisional)
CUST-017831,0,Cluster 0 (provisional)
CUST-017883,0,Cluster 0 (provisional)
CUST-017890,0,Cluster 0 (provisional)
CUST-017899,0,Cluster 0 (provisional)
CUST-017978,0,Cluster 0 (provisional)
CUST-018016,0,Cluster 0 (provisional)
CUST-018035,1,Cluster 1 (provisional)
CUST-018041,0,Cluster 0 (provisional)
CUST-018042,0,Cluster 0 (provisional)
CUST-018054,0,Cluster 0 (provisional)
CUST-018059,1,Cluster 1 (provisional)
CUST-018090,1,Cluster 1 (provisional)
CUST-018096,0,Cluster 0 (provisional)
CUST-018114,0,Cluster 0 (provisional)
CUST-018143,1,Cluster 1 (provisional)
CUST-018157,0,Cluster 0 (provisional)
CUST-018159,0,Cluster 0 (provisional)
CUST-018198,0,Cluster 0 (provisional)
CUST-018207,1,Cluster 1 (provisional)
CUST-018253,0,Cluster 0 (provisional)
CUST-018335,0,Cluster 0 (provisional)
CUST-018370,0,Cluster 0 (provisional)
CUST-018420,0,Cluster 0 (provisional)
CUST-018421,1,Cluster 1 (provisional)
CUST-018424,1,Cluster 1 (provisional)
CUST-018437,0,Cluster 0 (provisional)
CUST-018444,0,Cluster 0 (provisional)
CUST-018455,0,Cluster 0 (provisional)
CUST-018494,0,Cluster 0 (provisional)
CUST-018516,0,Cluster 0 (provisional)
CUST-018517,0,Cluster 0 (provisional)
CUST-018519,0,Cluster 0 (provisional)
CUST-018532,0,Cluster 0 (provisional)
CUST-018546,0,Cluster 0 (provisional)
CUST-018561,0,Cluster 0 (provisional)
CUST-018569,1,Cluster 1 (provisional)
CUST-018612,0,Cluster 0 (provisional)
CUST-018648,0,Cluster 0 (provisional)
CUST-018661,0,Cluster 0 (provisional)
CUST-018696,0,Cluster 0 (provisional)
CUST-018703,0,Cluster 0 (provisional)
CUST-018706,0,Cluster 0 (provisional)
CUST-018721,0,Cluster 0 (provisional)
CUST-018743,0,Cluster 0 (provisional)
CUST-018753,0,Cluster 0 (provisional)
CUST-018765,1,Cluster 1 (provisional)
CUST-018785,1,Cluster 1 (provisional)
CUST-018840,0,Cluster 0 (provisional)
CUST-018860,0,Cluster 0 (provisional)
CUST-018877,0,Cluster 0 (provisional)
CUST-018909,0,Cluster 0 (provisional)
CUST-018916,0,Cluster 0 (provisional)
CUST-018923,0,Cluster 0 (provisional)
CUST-018951,0,Cluster 0 (provisional)
CUST-018954,0,Cluster 0 (provisional)
CUST-018974,0,Cluster 0 (provisional)
CUST-018980,0,Cluster 0 (provisional)
CUST-018996,0,Cluster 0 (provisional)
CUST-018999,1,Cluster 1 (provisional)
CUST-019002,0,Cluster 0 (provisional)
CUST-019022,1,Cluster 1 (provisional)
CUST-019027,0,Cluster 0 (provisional)
CUST-019044,1,Cluster 1 (provisional)
CUST-019085,0,Cluster 0 (provisional)
CUST-019087,1,Cluster 1 (provisional)
CUST-019096,1,Cluster 1 (provisional)
CUST-019133,0,Cluster 0 (provisional)
CUST-019134,0,Cluster 0 (provisional)
CUST-019162,0,Cluster 0 (provisional)
CUST-019191,1,Cluster 1 (provisional)
CUST-019235,1,Cluster 1 (provisional)
CUST-019242,0,Cluster 0 (provisional)
CUST-019344,0,Cluster 0 (provisional)
CUST-019380,0,Cluster 0 (provisional)
CUST-019401,0,Cluster 0 (provisional)
CUST-019404,0,Cluster 0 (provisional)
CUST-019420,1,Cluster 1 (provisional)
CUST-019429,1,Cluster 1 (provisional)
CUST-019463,0,Cluster 0 (provisional)
CUST-019468,0,Cluster 0 (provisional)
CUST-019511,0,Cluster 0 (provisional)
CUST-019522,1,Cluster 1 (provisional)
CUST-019586,1,Cluster 1 (provisional)
CUST-019605,0,Cluster 0 (provisional)
CUST-019608,0,Cluster 0 (provisional)
CUST-019612,0,Cluster 0 (provisional)
CUST-019675,0,Cluster 0 (provisional)
CUST-019689,0,Cluster 0 (provisional)
CUST-019703,0,Cluster 0 (provisional)
CUST-019713,1,Cluster 1 (provisional)
CUST-019723,1,Cluster 1 (provisional)
CUST-019759,1,Cluster 1 (provisional)
CUST-019769,0,Cluster 0 (provisional)
CUST-019780,0,Cluster 0 (provisional)
CUST-019792,0,Cluster 0 (provisional)
CUST-019815,0,Cluster 0 (provisional)
CUST-019817,0,Cluster 0 (provisional)
CUST-019879,0,Cluster 0 (provisional)
CUST-019928,1,Cluster 1 (provisional)
CUST-019929,1,Cluster 1 (provisional)
CUST-019949,0,Cluster 0 (provisional)
CUST-019954,0,Cluster 0 (provisional)
CUST-019978,0,Cluster 0 (provisional)
CUST-019982,0,Cluster 0 (provisional)
CUST-019994,0,Cluster 0 (provisional)
CUST-020010,1,Cluster 1 (provisional)
CUST-020013,0,Cluster 0 (provisional)
CUST-020027,0,Cluster 0 (provisional)
CUST-020030,0,Cluster 0 (provisional)
CUST-020076,0,Cluster 0 (provisional)
CUST-020108,0,Cluster 0 (provisional)
CUST-020118,0,Cluster 0 (provisional)
CUST-020129,0,Cluster 0 (provisional)
CUST-020142,0,Cluster 0 (provisional)
CUST-020153,0,Cluster 0 (provisional)
CUST-020157,1,Cluster 1 (provisional)
CUST-020203,0,Cluster 0 (provisional)
CUST-020254,0,Cluster 0 (provisional)
CUST-020270,0,Cluster 0 (provisional)
CUST-020288,0,Cluster 0 (provisional)
CUST-020334,0,Cluster 0 (provisional)
CUST-020356,1,Cluster 1 (provisional)
CUST-020381,0,Cluster 0 (provisional)
CUST-020385,0,Cluster 0 (provisional)
CUST-020419,0,Cluster 0 (provisional)
CUST-020438,0,Cluster 0 (provisional)
CUST-020441,0,Cluster 0 (provisional)
CUST-020456,0,Cluster 0 (provisional)
CUST-020475,0,Cluster 0 (provisional)
CUST-020498,0,Cluster 0 (provisional)
CUST-020568,0,Cluster 0 (provisional)
CUST-020580,0,Cluster 0 (provisional)
CUST-020588,0,Cluster 0 (provisional)
CUST-020591,0,Cluster 0 (provisional)
CUST-020605,1,Cluster 1 (provisional)
CUST-020615,0,Cluster 0 (provisional)
CUST-020619,0,Cluster 0 (provisional)
CUST-020657,0,Cluster 0 (provisional)
CUST-020679,0,Cluster 0 (provisional)
CUST-020698,0,Cluster 0 (provisional)
CUST-020732,0,Cluster 0 (provisional)
CUST-020751,0,Cluster 0 (provisional)
CUST-020780,0,Cluster 0 (provisional)
CUST-020827,0,Cluster 0 (provisional)
CUST-020830,0,Cluster 0 (provisional)
CUST-020847,0,Cluster 0 (provisional)
CUST-020879,0,Cluster 0 (provisional)
CUST-020881,0,Cluster 0 (provisional)
CUST-020910,0,Cluster 0 (provisional)
CUST-020926,0,Cluster 0 (provisional)
CUST-020935,0,Cluster 0 (provisional)
CUST-020953,0,Cluster 0 (provisional)
CUST-020991,0,Cluster 0 (provisional)
CUST-021013,0,Cluster 0 (provisional)
CUST-021077,0,Cluster 0 (provisional)
CUST-021098,0,Cluster 0 (provisional)
CUST-021105,0,Cluster 0 (provisional)
CUST-021169,0,Cluster 0 (provisional)
CUST-021175,0,Cluster 0 (provisional)
CUST-021209,0,Cluster 0 (provisional)
CUST-021217,0,Cluster 0 (provisional)
CUST-021226,0,Cluster 0 (provisional)
CUST-021250,0,Cluster 0 (provisional)
CUST-021336,1,Cluster 1 (provisional)
CUST-021343,0,Cluster 0 (provisional)
CUST-021360,0,Cluster 0 (provisional)
CUST-021415,0,Cluster 0 (provisional)
CUST-021416,0,Cluster 0 (provisional)
CUST-021426,0,Cluster 0 (provisional)
CUST-021430,0,Cluster 0 (provisional)
CUST-021434,0,Cluster 0 (provisional)
CUST-021443,0,Cluster 0 (provisional)
CUST-021451,0,Cluster 0 (provisional)
CUST-021494,0,Cluster 0 (provisional)
CUST-021512,0,Cluster 0 (provisional)
CUST-021521,0,Cluster 0 (provisional)
CUST-021537,0,Cluster 0 (provisional)
CUST-021544,0,Cluster 0 (provisional)
CUST-021553,1,Cluster 1 (provisional)
CUST-021558,0,Cluster 0 (provisional)
CUST-021564,0,Cluster 0 (provisional)
CUST-021568,0,Cluster 0 (provisional)
CUST-021576,0,Cluster 0 (provisional)
CUST-021602,0,Cluster 0 (provisional)
CUST-021642,0,Cluster 0 (provisional)
CUST-021655,0,Cluster 0 (provisional)
CUST-021695,0,Cluster 0 (provisional)
CUST-021707,0,Cluster 0 (provisional)
CUST-021711,0,Cluster 0 (provisional)
CUST-021723,0,Cluster 0 (provisional)
CUST-021741,1,Cluster 1 (provisional)
CUST-021754,0,Cluster 0 (provisional)
CUST-021788,0,Cluster 0 (provisional)
CUST-021789,0,Cluster 0 (provisional)
CUST-021790,0,Cluster 0 (provisional)
CUST-021792,0,Cluster 0 (provisional)
CUST-021818,0,Cluster 0 (provisional)
CUST-021821,0,Cluster 0 (provisional)
CUST-021823,0,Cluster 0 (provisional)
CUST-021831,0,Cluster 0 (provisional)
CUST-021837,0,Cluster 0 (provisional)
CUST-021856,0,Cluster 0 (provisional)
CUST-021870,1,Cluster 1 (provisional)
CUST-021873,0,Cluster 0 (provisional)
CUST-021882,0,Cluster 0 (provisional)
CUST-021883,0,Cluster 0 (provisional)
CUST-021884,0,Cluster 0 (provisional)
CUST-021895,0,Cluster 0 (provisional)
CUST-021903,0,Cluster 0 (provisional)
CUST-021913,0,Cluster 0 (provisional)
CUST-021933,0,Cluster 0 (provisional)
CUST-021943,1,Cluster 1 (provisional)
CUST-021950,0,Cluster 0 (provisional)
CUST-021953,0,Cluster 0 (provisional)
CUST-021955,1,Cluster 1 (provisional)
CUST-021965,1,Cluster 1 (provisional)
CUST-021976,0,Cluster 0 (provisional)
CUST-021987,0,Cluster 0 (provisional)
CUST-022003,0,Cluster 0 (provisional)
CUST-022005,0,Cluster 0 (provisional)
CUST-022067,0,Cluster 0 (provisional)
CUST-022077,0,Cluster 0 (provisional)
CUST-022121,0,Cluster 0 (provisional)
CUST-022176,0,Cluster 0 (provisional)
CUST-022213,0,Cluster 0 (provisional)
CUST-022222,0,Cluster 0 (provisional)
CUST-022254,0,Cluster 0 (provisional)
CUST-022263,0,Cluster 0 (provisional)
CUST-022264,1,Cluster 1 (provisional)
CUST-022291,0,Cluster 0 (provisional)
CUST-022304,0,Cluster 0 (provisional)
CUST-022308,0,Cluster 0 (provisional)
CUST-022323,0,Cluster 0 (provisional)
CUST-022334,0,Cluster 0 (provisional)
CUST-022341,0,Cluster 0 (provisional)
CUST-022353,0,Cluster 0 (provisional)
CUST-022379,0,Cluster 0 (provisional)
CUST-022405,0,Cluster 0 (provisional)
CUST-022408,0,Cluster 0 (provisional)
CUST-022413,0,Cluster 0 (provisional)
CUST-022414,0,Cluster 0 (provisional)
CUST-022429,0,Cluster 0 (provisional)
CUST-022460,0,Cluster 0 (provisional)
CUST-022465,0,Cluster 0 (provisional)
CUST-022487,0,Cluster 0 (provisional)
CUST-022502,0,Cluster 0 (provisional)
CUST-022505,1,Cluster 1 (provisional)
CUST-022529,0,Cluster 0 (provisional)
CUST-022538,0,Cluster 0 (provisional)
CUST-022539,0,Cluster 0 (provisional)
CUST-022545,1,Cluster 1 (provisional)
CUST-022546,0,Cluster 0 (provisional)
CUST-022563,0,Cluster 0 (provisional)
CUST-022565,0,Cluster 0 (provisional)
CUST-022580,0,Cluster 0 (provisional)
CUST-022596,0,Cluster 0 (provisional)
CUST-022639,0,Cluster 0 (provisional)
CUST-022708,0,Cluster 0 (provisional)
CUST-022716,0,Cluster 0 (provisional)
CUST-022728,0,Cluster 0 (provisional)
CUST-022764,1,Cluster 1 (provisional)
CUST-022782,0,Cluster 0 (provisional)
CUST-022814,1,Cluster 1 (provisional)
CUST-022845,0,Cluster 0 (provisional)
CUST-022868,1,Cluster 1 (provisional)
CUST-022880,0,Cluster 0 (provisional)
CUST-022890,0,Cluster 0 (provisional)
CUST-022906,0,Cluster 0 (provisional)
CUST-022926,0,Cluster 0 (provisional)
CUST-022933,0,Cluster 0 (provisional)
CUST-022936,0,Cluster 0 (provisional)
CUST-022945,0,Cluster 0 (provisional)
CUST-022954,0,Cluster 0 (provisional)
CUST-023016,1,Cluster 1 (provisional)
CUST-023043,0,Cluster 0 (provisional)
CUST-023060,0,Cluster 0 (provisional)
CUST-023065,0,Cluster 0 (provisional)
CUST-023095,0,Cluster 0 (provisional)
CUST-023152,0,Cluster 0 (provisional)
CUST-023155,0,Cluster 0 (provisional)
CUST-023166,0,Cluster 0 (provisional)
CUST-023190,0,Cluster 0 (provisional)
CUST-023208,1,Cluster 1 (provisional)
CUST-023211,0,Cluster 0 (provisional)
CUST-023217,0,Cluster 0 (provisional)
CUST-023229,0,Cluster 0 (provisional)
CUST-023250,0,Cluster 0 (provisional)
CUST-023277,0,Cluster 0 (provisional)
CUST-023323,0,Cluster 0 (provisional)
CUST-023343,0,Cluster 0 (provisional)
CUST-023367,0,Cluster 0 (provisional)
CUST-023388,0,Cluster 0 (provisional)
CUST-023421,1,Cluster 1 (provisional)
CUST-023440,0,Cluster 0 (provisional)
CUST-023509,0,Cluster 0 (provisional)
CUST-023510,1,Cluster 1 (provisional)
CUST-023511,0,Cluster 0 (provisional)
CUST-023531,0,Cluster 0 (provisional)
CUST-023551,0,Cluster 0 (provisional)
CUST-023571,1,Cluster 1 (provisional)
CUST-023578,0,Cluster 0 (provisional)
CUST-023583,0,Cluster 0 (provisional)
CUST-023592,0,Cluster 0 (provisional)
CUST-023628,0,Cluster 0 (provisional)
CUST-023651,0,Cluster 0 (provisional)
CUST-023681,0,Cluster 0 (provisional)
CUST-023688,0,Cluster 0 (provisional)
CUST-023712,0,Cluster 0 (provisional)
CUST-023720,0,Cluster 0 (provisional)
CUST-023780,0,Cluster 0 (provisional)
CUST-023783,0,Cluster 0 (provisional)
CUST-023795,0,Cluster 0 (provisional)
CUST-023798,1,Cluster 1 (provisional)
CUST-023805,0,Cluster 0 (provisional)
CUST-023850,1,Cluster 1 (provisional)
CUST-023879,0,Cluster 0 (provisional)
CUST-023950,0,Cluster 0 (provisional)
CUST-023998,1,Cluster 1 (provisional)
CUST-024000,0,Cluster 0 (provisional)
CUST-024014,0,Cluster 0 (provisional)
CUST-024022,0,Cluster 0 (provisional)
CUST-024051,0,Cluster 0 (provisional)
CUST-024073,0,Cluster 0 (provisional)
CUST-024095,0,Cluster 0 (provisional)
CUST-024111,0,Cluster 0 (provisional)
CUST-024126,1,Cluster 1 (provisional)
CUST-024146,0,Cluster 0 (provisional)
CUST-024178,0,Cluster 0 (provisional)
CUST-024203,0,Cluster 0 (provisional)
CUST-024206,0,Cluster 0 (provisional)
CUST-024214,0,Cluster 0 (provisional)
CUST-024263,0,Cluster 0 (provisional)
CUST-024330,1,Cluster 1 (provisional)
CUST-024347,1,Cluster 1 (provisional)
CUST-024374,0,Cluster 0 (provisional)
CUST-024399,0,Cluster 0 (provisional)
CUST-024468,0,Cluster 0 (provisional)
CUST-024497,0,Cluster 0 (provisional)
CUST-024498,0,Cluster 0 (provisional)
CUST-024501,0,Cluster 0 (provisional)
CUST-024534,1,Cluster 1 (provisional)
CUST-024548,0,Cluster 0 (provisional)
CUST-024551,0,Cluster 0 (provisional)
CUST-024583,0,Cluster 0 (provisional)
CUST-024586,0,Cluster 0 (provisional)
CUST-024622,0,Cluster 0 (provisional)
CUST-024626,1,Cluster 1 (provisional)
CUST-024656,0,Cluster 0 (provisional)
CUST-024659,0,Cluster 0 (provisional)
CUST-024662,0,Cluster 0 (provisional)
CUST-024681,0,Cluster 0 (provisional)
CUST-024686,1,Cluster 1 (provisional)
CUST-024701,0,Cluster 0 (provisional)
CUST-024707,0,Cluster 0 (provisional)
CUST-024708,0,Cluster 0 (provisional)
CUST-024740,0,Cluster 0 (provisional)
CUST-024767,1,Cluster 1 (provisional)
CUST-024772,0,Cluster 0 (provisional)
CUST-024775,0,Cluster 0 (provisional)
CUST-024778,0,Cluster 0 (provisional)
CUST-024784,0,Cluster 0 (provisional)
CUST-024818,1,Cluster 1 (provisional)
CUST-024850,0,Cluster 0 (provisional)
CUST-024876,0,Cluster 0 (provisional)
CUST-024884,0,Cluster 0 (provisional)
CUST-024890,0,Cluster 0 (provisional)
CUST-024904,0,Cluster 0 (provisional)
CUST-024924,0,Cluster 0 (provisional)
CUST-024926,0,Cluster 0 (provisional)
CUST-024943,1,Cluster 1 (provisional)
CUST-024953,0,Cluster 0 (provisional)
CUST-024954,0,Cluster 0 (provisional)
CUST-024968,0,Cluster 0 (provisional)
CUST-024972,0,Cluster 0 (provisional)
CUST-025004,0,Cluster 0 (provisional)
CUST-025010,0,Cluster 0 (provisional)
CUST-025022,0,Cluster 0 (provisional)
CUST-025032,0,Cluster 0 (provisional)
CUST-025076,0,Cluster 0 (provisional)
CUST-025123,0,Cluster 0 (provisional)
CUST-025160,1,Cluster 1 (provisional)
CUST-025164,0,Cluster 0 (provisional)
CUST-025174,0,Cluster 0 (provisional)
CUST-025190,0,Cluster 0 (provisional)
CUST-025227,0,Cluster 0 (provisional)
CUST-025229,1,Cluster 1 (provisional)
CUST-025235,0,Cluster 0 (provisional)
CUST-025248,0,Cluster 0 (provisional)
CUST-025281,0,Cluster 0 (provisional)
CUST-025303,0,Cluster 0 (provisional)
CUST-025318,0,Cluster 0 (provisional)
CUST-025333,1,Cluster 1 (provisional)
CUST-025347,0,Cluster 0 (provisional)
CUST-025374,0,Cluster 0 (provisional)
CUST-025380,0,Cluster 0 (provisional)
CUST-025381,0,Cluster 0 (provisional)
CUST-025397,0,Cluster 0 (provisional)
CUST-025442,0,Cluster 0 (provisional)
CUST-025468,0,Cluster 0 (provisional)
CUST-025493,0,Cluster 0 (provisional)
CUST-025512,0,Cluster 0 (provisional)
CUST-025523,0,Cluster 0 (provisional)
CUST-025538,0,Cluster 0 (provisional)
CUST-025539,0,Cluster 0 (provisional)
CUST-025548,0,Cluster 0 (provisional)
CUST-025555,1,Cluster 1 (provisional)
CUST-025561,0,Cluster 0 (provisional)
CUST-025564,0,Cluster 0 (provisional)
CUST-025568,0,Cluster 0 (provisional)
CUST-025575,0,Cluster 0 (provisional)
CUST-025589,0,Cluster 0 (provisional)
CUST-025642,0,Cluster 0 (provisional)
CUST-025664,1,Cluster 1 (provisional)
CUST-025678,0,Cluster 0 (provisional)
CUST-025683,0,Cluster 0 (provisional)
CUST-025686,0,Cluster 0 (provisional)
CUST-025700,0,Cluster 0 (provisional)
CUST-025722,0,Cluster 0 (provisional)
CUST-025729,1,Cluster 1 (provisional)
CUST-025733,0,Cluster 0 (provisional)
CUST-025775,1,Cluster 1 (provisional)
CUST-025777,1,Cluster 1 (provisional)
CUST-025785,0,Cluster 0 (provisional)
CUST-025802,0,Cluster 0 (provisional)
CUST-025814,0,Cluster 0 (provisional)
CUST-025821,0,Cluster 0 (provisional)
CUST-025824,0,Cluster 0 (provisional)
CUST-025827,1,Cluster 1 (provisional)
CUST-025841,1,Cluster 1 (provisional)
CUST-025858,0,Cluster 0 (provisional)
CUST-025869,0,Cluster 0 (provisional)
CUST-025881,0,Cluster 0 (provisional)
CUST-025907,1,Cluster 1 (provisional)
CUST-026057,0,Cluster 0 (provisional)
CUST-026069,0,Cluster 0 (provisional)
CUST-026122,0,Cluster 0 (provisional)
CUST-026124,0,Cluster 0 (provisional)
CUST-026184,1,Cluster 1 (provisional)
CUST-026208,1,Cluster 1 (provisional)
CUST-026216,0,Cluster 0 (provisional)
CUST-026223,0,Cluster 0 (provisional)
CUST-026224,0,Cluster 0 (provisional)
CUST-026258,0,Cluster 0 (provisional)
CUST-026259,0,Cluster 0 (provisional)
CUST-026323,0,Cluster 0 (provisional)
CUST-026340,0,Cluster 0 (provisional)
CUST-026352,1,Cluster 1 (provisional)
CUST-026380,1,Cluster 1 (provisional)
CUST-026395,0,Cluster 0 (provisional)
CUST-026400,0,Cluster 0 (provisional)
CUST-026401,0,Cluster 0 (provisional)
CUST-026421,0,Cluster 0 (provisional)
CUST-026423,0,Cluster 0 (provisional)
CUST-026444,0,Cluster 0 (provisional)
CUST-026457,0,Cluster 0 (provisional)
CUST-026471,0,Cluster 0 (provisional)
CUST-026513,1,Cluster 1 (provisional)
CUST-026556,0,Cluster 0 (provisional)
CUST-026558,0,Cluster 0 (provisional)
CUST-026572,0,Cluster 0 (provisional)
CUST-026600,0,Cluster 0 (provisional)
CUST-026604,0,Cluster 0 (provisional)
CUST-026648,0,Cluster 0 (provisional)
CUST-026666,0,Cluster 0 (provisional)
CUST-026673,0,Cluster 0 (provisional)
CUST-026706,0,Cluster 0 (provisional)
CUST-026713,0,Cluster 0 (provisional)
CUST-026719,0,Cluster 0 (provisional)
CUST-026787,0,Cluster 0 (provisional)
CUST-026810,1,Cluster 1 (provisional)
CUST-026829,0,Cluster 0 (provisional)
CUST-026845,0,Cluster 0 (provisional)
CUST-026846,0,Cluster 0 (provisional)
CUST-026886,0,Cluster 0 (provisional)
CUST-026929,1,Cluster 1 (provisional)
CUST-026949,0,Cluster 0 (provisional)
CUST-026964,0,Cluster 0 (provisional)
CUST-027011,0,Cluster 0 (provisional)
CUST-027050,0,Cluster 0 (provisional)
CUST-027074,0,Cluster 0 (provisional)
CUST-027078,0,Cluster 0 (provisional)
CUST-027082,0,Cluster 0 (provisional)
CUST-027118,0,Cluster 0 (provisional)
CUST-027133,1,Cluster 1 (provisional)
CUST-027146,0,Cluster 0 (provisional)
CUST-027155,0,Cluster 0 (provisional)
CUST-027193,0,Cluster 0 (provisional)
CUST-027196,0,Cluster 0 (provisional)
CUST-027217,0,Cluster 0 (provisional)
CUST-027227,1,Cluster 1 (provisional)
CUST-027246,0,Cluster 0 (provisional)
CUST-027257,0,Cluster 0 (provisional)
CUST-027277,0,Cluster 0 (provisional)
CUST-027289,0,Cluster 0 (provisional)
CUST-027316,1,Cluster 1 (provisional)
CUST-027339,0,Cluster 0 (provisional)
CUST-027375,0,Cluster 0 (provisional)
CUST-027383,0,Cluster 0 (provisional)
CUST-027465,0,Cluster 0 (provisional)
CUST-027487,0,Cluster 0 (provisional)
CUST-027502,1,Cluster 1 (provisional)
CUST-027504,0,Cluster 0 (provisional)
CUST-027510,0,Cluster 0 (provisional)
CUST-027534,0,Cluster 0 (provisional)
CUST-027538,0,Cluster 0 (provisional)
CUST-027557,0,Cluster 0 (provisional)
CUST-027586,0,Cluster 0 (provisional)
CUST-027594,1,Cluster 1 (provisional)
CUST-027607,1,Cluster 1 (provisional)
CUST-027616,0,Cluster 0 (provisional)
CUST-027684,0,Cluster 0 (provisional)
CUST-027726,0,Cluster 0 (provisional)
CUST-027730,0,Cluster 0 (provisional)
CUST-027737,0,Cluster 0 (provisional)
CUST-027741,0,Cluster 0 (provisional)
CUST-027749,0,Cluster 0 (provisional)
CUST-027773,0,Cluster 0 (provisional)
CUST-027779,0,Cluster 0 (provisional)
CUST-027798,0,Cluster 0 (provisional)
CUST-027804,0,Cluster 0 (provisional)
CUST-027810,1,Cluster 1 (provisional)
CUST-027878,0,Cluster 0 (provisional)
CUST-027891,0,Cluster 0 (provisional)
CUST-027926,0,Cluster 0 (provisional)
CUST-027945,0,Cluster 0 (provisional)
CUST-027978,0,Cluster 0 (provisional)
CUST-027983,0,Cluster 0 (provisional)
CUST-028064,0,Cluster 0 (provisional)
CUST-028079,0,Cluster 0 (provisional)
CUST-028107,0,Cluster 0 (provisional)
CUST-028110,0,Cluster 0 (provisional)
CUST-028144,0,Cluster 0 (provisional)
CUST-028186,0,Cluster 0 (provisional)
CUST-028205,1,Cluster 1 (provisional)
CUST-028209,1,Cluster 1 (provisional)
CUST-028212,0,Cluster 0 (provisional)
CUST-028253,0,Cluster 0 (provisional)
CUST-028263,1,Cluster 1 (provisional)
CUST-028298,0,Cluster 0 (provisional)
CUST-028333,0,Cluster 0 (provisional)
CUST-028390,0,Cluster 0 (provisional)
CUST-028402,0,Cluster 0 (provisional)
CUST-028413,0,Cluster 0 (provisional)
CUST-028435,0,Cluster 0 (provisional)
CUST-028506,0,Cluster 0 (provisional)
CUST-028521,0,Cluster 0 (provisional)
CUST-028532,0,Cluster 0 (provisional)
CUST-028539,0,Cluster 0 (provisional)
CUST-028543,0,Cluster 0 (provisional)
CUST-028544,0,Cluster 0 (provisional)
CUST-028573,0,Cluster 0 (provisional)
CUST-028582,0,Cluster 0 (provisional)
CUST-028586,0,Cluster 0 (provisional)
CUST-028590,0,Cluster 0 (provisional)
CUST-028611,0,Cluster 0 (provisional)
CUST-028659,0,Cluster 0 (provisional)
CUST-028671,1,Cluster 1 (provisional)
CUST-028673,0,Cluster 0 (provisional)
CUST-028695,0,Cluster 0 (provisional)
CUST-028742,0,Cluster 0 (provisional)
CUST-028783,0,Cluster 0 (provisional)
CUST-028784,0,Cluster 0 (provisional)
CUST-028793,0,Cluster 0 (provisional)
CUST-028798,0,Cluster 0 (provisional)
CUST-028831,0,Cluster 0 (provisional)
CUST-028866,1,Cluster 1 (provisional)
CUST-028879,0,Cluster 0 (provisional)
CUST-028888,0,Cluster 0 (provisional)
CUST-028903,0,Cluster 0 (provisional)
CUST-028911,1,Cluster 1 (provisional)
CUST-028945,1,Cluster 1 (provisional)
CUST-028946,0,Cluster 0 (provisional)
CUST-029020,1,Cluster 1 (provisional)
CUST-029042,0,Cluster 0 (provisional)
CUST-029059,0,Cluster 0 (provisional)
CUST-029064,0,Cluster 0 (provisional)
CUST-029126,0,Cluster 0 (provisional)
CUST-029136,0,Cluster 0 (provisional)
CUST-029172,0,Cluster 0 (provisional)
CUST-029185,0,Cluster 0 (provisional)
CUST-029205,0,Cluster 0 (provisional)
CUST-029225,0,Cluster 0 (provisional)
CUST-029296,0,Cluster 0 (provisional)
CUST-029300,0,Cluster 0 (provisional)
CUST-029311,0,Cluster 0 (provisional)
CUST-029333,1,Cluster 1 (provisional)
CUST-029374,0,Cluster 0 (provisional)
CUST-029383,1,Cluster 1 (provisional)
CUST-029388,0,Cluster 0 (provisional)
CUST-029415,0,Cluster 0 (provisional)
CUST-029457,0,Cluster 0 (provisional)
CUST-029471,0,Cluster 0 (provisional)
CUST-029474,0,Cluster 0 (provisional)
CUST-029482,0,Cluster 0 (provisional)
CUST-029496,0,Cluster 0 (provisional)
CUST-029545,0,Cluster 0 (provisional)
CUST-029550,0,Cluster 0 (provisional)
CUST-029579,0,Cluster 0 (provisional)
CUST-029584,0,Cluster 0 (provisional)
CUST-029652,0,Cluster 0 (provisional)
CUST-029665,0,Cluster 0 (provisional)
CUST-029669,0,Cluster 0 (provisional)
CUST-029710,0,Cluster 0 (provisional)
CUST-029735,0,Cluster 0 (provisional)
CUST-029762,0,Cluster 0 (provisional)
CUST-029796,0,Cluster 0 (provisional)
CUST-029812,0,Cluster 0 (provisional)
CUST-029841,0,Cluster 0 (provisional)
CUST-029871,0,Cluster 0 (provisional)
CUST-029874,0,Cluster 0 (provisional)
CUST-029879,0,Cluster 0 (provisional)
CUST-029880,0,Cluster 0 (provisional)
CUST-029932,0,Cluster 0 (provisional)
CUST-029957,0,Cluster 0 (provisional)
CUST-029969,0,Cluster 0 (provisional)
CUST-029978,0,Cluster 0 (provisional)
CUST-029997,0,Cluster 0 (provisional)
CUST-030021,0,Cluster 0 (provisional)
CUST-030066,0,Cluster 0 (provisional)
CUST-030081,0,Cluster 0 (provisional)
CUST-030086,0,Cluster 0 (provisional)
CUST-030099,0,Cluster 0 (provisional)
CUST-030107,0,Cluster 0 (provisional)
CUST-030121,1,Cluster 1 (provisional)
CUST-030133,0,Cluster 0 (provisional)
CUST-030150,0,Cluster 0 (provisional)
CUST-030154,0,Cluster 0 (provisional)
CUST-030184,0,Cluster 0 (provisional)
CUST-030266,0,Cluster 0 (provisional)
CUST-030277,0,Cluster 0 (provisional)
CUST-030288,0,Cluster 0 (provisional)
CUST-030328,0,Cluster 0 (provisional)
CUST-030346,0,Cluster 0 (provisional)
CUST-030400,0,Cluster 0 (provisional)
CUST-030415,1,Cluster 1 (provisional)
CUST-030420,0,Cluster 0 (provisional)
CUST-030475,0,Cluster 0 (provisional)
CUST-030544,0,Cluster 0 (provisional)
CUST-030547,0,Cluster 0 (provisional)
CUST-030584,0,Cluster 0 (provisional)
CUST-030585,0,Cluster 0 (provisional)
CUST-030586,0,Cluster 0 (provisional)
CUST-030591,1,Cluster 1 (provisional)
CUST-030593,0,Cluster 0 (provisional)
CUST-030623,0,Cluster 0 (provisional)
CUST-030637,0,Cluster 0 (provisional)
CUST-030678,0,Cluster 0 (provisional)
CUST-030683,0,Cluster 0 (provisional)
CUST-030686,0,Cluster 0 (provisional)
CUST-030706,0,Cluster 0 (provisional)
CUST-030741,0,Cluster 0 (provisional)
CUST-030786,0,Cluster 0 (provisional)
CUST-030794,0,Cluster 0 (provisional)
CUST-030799,0,Cluster 0 (provisional)
CUST-030809,0,Cluster 0 (provisional)
CUST-030821,0,Cluster 0 (provisional)
CUST-030860,0,Cluster 0 (provisional)
CUST-030875,0,Cluster 0 (provisional)
CUST-030899,0,Cluster 0 (provisional)
CUST-030914,0,Cluster 0 (provisional)
CUST-030917,0,Cluster 0 (provisional)
CUST-030924,0,Cluster 0 (provisional)
CUST-030946,0,Cluster 0 (provisional)
CUST-030987,1,Cluster 1 (provisional)
CUST-030999,0,Cluster 0 (provisional)
CUST-031050,0,Cluster 0 (provisional)
CUST-031057,0,Cluster 0 (provisional)
CUST-031081,0,Cluster 0 (provisional)
CUST-031148,1,Cluster 1 (provisional)
CUST-031152,0,Cluster 0 (provisional)
CUST-031175,0,Cluster 0 (provisional)
CUST-031216,0,Cluster 0 (provisional)
CUST-031227,0,Cluster 0 (provisional)
CUST-031238,1,Cluster 1 (provisional)
CUST-031267,0,Cluster 0 (provisional)
CUST-031277,0,Cluster 0 (provisional)
CUST-031318,0,Cluster 0 (provisional)
CUST-031319,0,Cluster 0 (provisional)
CUST-031330,1,Cluster 1 (provisional)
CUST-031335,0,Cluster 0 (provisional)
CUST-031337,0,Cluster 0 (provisional)
CUST-031361,0,Cluster 0 (provisional)
CUST-031391,0,Cluster 0 (provisional)
CUST-031398,0,Cluster 0 (provisional)
CUST-031417,0,Cluster 0 (provisional)
CUST-031423,0,Cluster 0 (provisional)
CUST-031425,0,Cluster 0 (provisional)
CUST-031454,0,Cluster 0 (provisional)
CUST-031505,0,Cluster 0 (provisional)
CUST-031515,0,Cluster 0 (provisional)
CUST-031522,0,Cluster 0 (provisional)
CUST-031570,0,Cluster 0 (provisional)
CUST-031573,0,Cluster 0 (provisional)
CUST-031580,0,Cluster 0 (provisional)
CUST-031585,0,Cluster 0 (provisional)
CUST-031593,0,Cluster 0 (provisional)
CUST-031634,0,Cluster 0 (provisional)
CUST-031644,0,Cluster 0 (provisional)
CUST-031653,0,Cluster 0 (provisional)
CUST-031666,0,Cluster 0 (provisional)
CUST-031708,1,Cluster 1 (provisional)
CUST-031740,1,Cluster 1 (provisional)
CUST-031744,0,Cluster 0 (provisional)
CUST-031746,0,Cluster 0 (provisional)
CUST-031750,0,Cluster 0 (provisional)
CUST-031771,0,Cluster 0 (provisional)
CUST-031779,0,Cluster 0 (provisional)
CUST-031807,0,Cluster 0 (provisional)
CUST-031814,0,Cluster 0 (provisional)
CUST-031815,0,Cluster 0 (provisional)
CUST-031869,0,Cluster 0 (provisional)
CUST-031880,0,Cluster 0 (provisional)
CUST-031910,1,Cluster 1 (provisional)
CUST-031922,0,Cluster 0 (provisional)
CUST-031925,1,Cluster 1 (provisional)
CUST-031946,0,Cluster 0 (provisional)
CUST-031991,1,Cluster 1 (provisional)
CUST-032063,0,Cluster 0 (provisional)
CUST-032072,0,Cluster 0 (provisional)
CUST-032200,0,Cluster 0 (provisional)
CUST-032218,0,Cluster 0 (provisional)
CUST-032228,0,Cluster 0 (provisional)
CUST-032255,0,Cluster 0 (provisional)
CUST-032264,0,Cluster 0 (provisional)
CUST-032277,1,Cluster 1 (provisional)
CUST-032286,0,Cluster 0 (provisional)
CUST-032293,0,Cluster 0 (provisional)
CUST-032337,0,Cluster 0 (provisional)
CUST-032398,0,Cluster 0 (provisional)
CUST-032399,0,Cluster 0 (provisional)
CUST-032487,0,Cluster 0 (provisional)
CUST-032494,0,Cluster 0 (provisional)
CUST-032525,0,Cluster 0 (provisional)
CUST-032554,0,Cluster 0 (provisional)
CUST-032580,0,Cluster 0 (provisional)
CUST-032598,1,Cluster 1 (provisional)
CUST-032642,0,Cluster 0 (provisional)
CUST-032660,0,Cluster 0 (provisional)
CUST-032683,1,Cluster 1 (provisional)
CUST-032723,0,Cluster 0 (provisional)
CUST-032729,0,Cluster 0 (provisional)
CUST-032745,0,Cluster 0 (provisional)
CUST-032754,0,Cluster 0 (provisional)
CUST-032771,0,Cluster 0 (provisional)
CUST-032808,0,Cluster 0 (provisional)
CUST-032816,1,Cluster 1 (provisional)
CUST-032832,0,Cluster 0 (provisional)
CUST-032840,0,Cluster 0 (provisional)
CUST-032853,0,Cluster 0 (provisional)
CUST-032866,0,Cluster 0 (provisional)
CUST-032893,0,Cluster 0 (provisional)
CUST-032901,0,Cluster 0 (provisional)
CUST-032903,0,Cluster 0 (provisional)
CUST-032912,0,Cluster 0 (provisional)
CUST-032945,0,Cluster 0 (provisional)
CUST-032966,0,Cluster 0 (provisional)
CUST-032970,0,Cluster 0 (provisional)
CUST-032999,0,Cluster 0 (provisional)
CUST-033007,0,Cluster 0 (provisional)
CUST-033066,0,Cluster 0 (provisional)
CUST-033088,0,Cluster 0 (provisional)
CUST-033092,0,Cluster 0 (provisional)
CUST-033125,0,Cluster 0 (provisional)
CUST-033139,1,Cluster 1 (provisional)
CUST-033159,0,Cluster 0 (provisional)
CUST-033161,0,Cluster 0 (provisional)
CUST-033175,0,Cluster 0 (provisional)
CUST-033200,0,Cluster 0 (provisional)
CUST-033203,0,Cluster 0 (provisional)
CUST-033272,0,Cluster 0 (provisional)
CUST-033283,0,Cluster 0 (provisional)
CUST-033326,0,Cluster 0 (provisional)
CUST-033366,0,Cluster 0 (provisional)
CUST-033425,1,Cluster 1 (provisional)
CUST-033440,0,Cluster 0 (provisional)
CUST-033442,0,Cluster 0 (provisional)
CUST-033459,0,Cluster 0 (provisional)
CUST-033468,0,Cluster 0 (provisional)
CUST-033498,0,Cluster 0 (provisional)
CUST-033536,0,Cluster 0 (provisional)
CUST-033573,0,Cluster 0 (provisional)
CUST-033582,0,Cluster 0 (provisional)
CUST-033584,0,Cluster 0 (provisional)
CUST-033632,0,Cluster 0 (provisional)
CUST-033645,0,Cluster 0 (provisional)
CUST-033647,0,Cluster 0 (provisional)
CUST-033666,0,Cluster 0 (provisional)
CUST-033685,0,Cluster 0 (provisional)
CUST-033730,0,Cluster 0 (provisional)
CUST-033736,0,Cluster 0 (provisional)
CUST-033739,0,Cluster 0 (provisional)
CUST-033776,0,Cluster 0 (provisional)
CUST-033782,1,Cluster 1 (provisional)
CUST-033813,0,Cluster 0 (provisional)
CUST-033842,0,Cluster 0 (provisional)
CUST-033851,0,Cluster 0 (provisional)
CUST-033888,0,Cluster 0 (provisional)
CUST-033938,0,Cluster 0 (provisional)
CUST-033957,0,Cluster 0 (provisional)
CUST-033960,1,Cluster 1 (provisional)
CUST-033967,0,Cluster 0 (provisional)
CUST-033993,0,Cluster 0 (provisional)
CUST-034056,0,Cluster 0 (provisional)
CUST-034065,0,Cluster 0 (provisional)
CUST-034088,0,Cluster 0 (provisional)
CUST-034090,0,Cluster 0 (provisional)
CUST-034124,0,Cluster 0 (provisional)
CUST-034140,0,Cluster 0 (provisional)
CUST-034201,0,Cluster 0 (provisional)
CUST-034203,0,Cluster 0 (provisional)
CUST-034207,0,Cluster 0 (provisional)
CUST-034232,0,Cluster 0 (provisional)
CUST-034250,0,Cluster 0 (provisional)
CUST-034259,0,Cluster 0 (provisional)
CUST-034260,0,Cluster 0 (provisional)
CUST-034270,0,Cluster 0 (provisional)
CUST-034319,0,Cluster 0 (provisional)
CUST-034330,0,Cluster 0 (provisional)
CUST-034351,0,Cluster 0 (provisional)
CUST-034376,0,Cluster 0 (provisional)
CUST-034404,0,Cluster 0 (provisional)
CUST-034421,1,Cluster 1 (provisional)
CUST-034424,0,Cluster 0 (provisional)
CUST-034442,0,Cluster 0 (provisional)
CUST-034473,0,Cluster 0 (provisional)
CUST-034477,0,Cluster 0 (provisional)
CUST-034484,0,Cluster 0 (provisional)
CUST-034486,0,Cluster 0 (provisional)
CUST-034578,0,Cluster 0 (provisional)
CUST-034621,1,Cluster 1 (provisional)
CUST-034629,0,Cluster 0 (provisional)
CUST-034693,1,Cluster 1 (provisional)
CUST-034699,0,Cluster 0 (provisional)
CUST-034708,0,Cluster 0 (provisional)
CUST-034721,0,Cluster 0 (provisional)
CUST-034745,1,Cluster 1 (provisional)
CUST-034766,0,Cluster 0 (provisional)
CUST-034777,0,Cluster 0 (provisional)
CUST-034778,0,Cluster 0 (provisional)
CUST-034793,0,Cluster 0 (provisional)
CUST-034816,0,Cluster 0 (provisional)
CUST-034828,0,Cluster 0 (provisional)
CUST-034829,0,Cluster 0 (provisional)
CUST-034864,1,Cluster 1 (provisional)
CUST-034898,0,Cluster 0 (provisional)
CUST-034901,0,Cluster 0 (provisional)
CUST-034939,0,Cluster 0 (provisional)
CUST-034952,1,Cluster 1 (provisional)
CUST-035030,0,Cluster 0 (provisional)
CUST-035039,0,Cluster 0 (provisional)
CUST-035067,0,Cluster 0 (provisional)
CUST-035077,0,Cluster 0 (provisional)
CUST-035083,0,Cluster 0 (provisional)
CUST-035099,0,Cluster 0 (provisional)
CUST-035121,0,Cluster 0 (provisional)
CUST-035140,0,Cluster 0 (provisional)
CUST-035147,0,Cluster 0 (provisional)
CUST-035196,0,Cluster 0 (provisional)
CUST-035210,0,Cluster 0 (provisional)
CUST-035242,0,Cluster 0 (provisional)
CUST-035255,1,Cluster 1 (provisional)
CUST-035259,0,Cluster 0 (provisional)
CUST-035286,0,Cluster 0 (provisional)
CUST-035308,0,Cluster 0 (provisional)
CUST-035320,0,Cluster 0 (provisional)
CUST-035347,0,Cluster 0 (provisional)
CUST-035355,0,Cluster 0 (provisional)
CUST-035360,0,Cluster 0 (provisional)
CUST-035382,0,Cluster 0 (provisional)
CUST-035384,0,Cluster 0 (provisional)
CUST-035395,0,Cluster 0 (provisional)
CUST-035418,0,Cluster 0 (provisional)
CUST-035442,0,Cluster 0 (provisional)
CUST-035470,0,Cluster 0 (provisional)
CUST-035490,0,Cluster 0 (provisional)
CUST-035494,0,Cluster 0 (provisional)
CUST-035503,0,Cluster 0 (provisional)
CUST-035523,0,Cluster 0 (provisional)
CUST-035526,0,Cluster 0 (provisional)
CUST-035538,0,Cluster 0 (provisional)
CUST-035555,0,Cluster 0 (provisional)
CUST-035585,0,Cluster 0 (provisional)
CUST-035590,0,Cluster 0 (provisional)
CUST-035598,0,Cluster 0 (provisional)
CUST-035650,0,Cluster 0 (provisional)
CUST-035652,1,Cluster 1 (provisional)
CUST-035655,0,Cluster 0 (provisional)
CUST-035659,0,Cluster 0 (provisional)
CUST-035674,0,Cluster 0 (provisional)
CUST-035684,0,Cluster 0 (provisional)
CUST-035687,0,Cluster 0 (provisional)
CUST-035695,0,Cluster 0 (provisional)
CUST-035714,0,Cluster 0 (provisional)
CUST-035715,0,Cluster 0 (provisional)
CUST-035732,0,Cluster 0 (provisional)
CUST-035744,0,Cluster 0 (provisional)
CUST-035759,0,Cluster 0 (provisional)
CUST-035769,0,Cluster 0 (provisional)
CUST-035785,0,Cluster 0 (provisional)
CUST-035826,0,Cluster 0 (provisional)
CUST-035828,0,Cluster 0 (provisional)
CUST-035831,1,Cluster 1 (provisional)
CUST-035837,0,Cluster 0 (provisional)
CUST-035848,0,Cluster 0 (provisional)
CUST-035864,1,Cluster 1 (provisional)
CUST-035877,1,Cluster 1 (provisional)
CUST-035879,0,Cluster 0 (provisional)
CUST-035880,0,Cluster 0 (provisional)
CUST-035895,0,Cluster 0 (provisional)
CUST-035904,0,Cluster 0 (provisional)
CUST-035910,0,Cluster 0 (provisional)
CUST-035937,0,Cluster 0 (provisional)
CUST-035944,0,Cluster 0 (provisional)
CUST-035959,0,Cluster 0 (provisional)
CUST-035996,0,Cluster 0 (provisional)
CUST-036000,1,Cluster 1 (provisional)
CUST-036041,0,Cluster 0 (provisional)
CUST-036064,0,Cluster 0 (provisional)
CUST-036076,0,Cluster 0 (provisional)
CUST-036105,0,Cluster 0 (provisional)
CUST-036141,0,Cluster 0 (provisional)
CUST-036146,0,Cluster 0 (provisional)
CUST-036210,0,Cluster 0 (provisional)
CUST-036220,0,Cluster 0 (provisional)
CUST-036241,0,Cluster 0 (provisional)
CUST-036255,0,Cluster 0 (provisional)
CUST-036260,0,Cluster 0 (provisional)
CUST-036264,0,Cluster 0 (provisional)
CUST-036318,0,Cluster 0 (provisional)
CUST-036321,0,Cluster 0 (provisional)
CUST-036361,0,Cluster 0 (provisional)
CUST-036370,0,Cluster 0 (provisional)
CUST-036379,0,Cluster 0 (provisional)
CUST-036391,0,Cluster 0 (provisional)
CUST-036397,0,Cluster 0 (provisional)
CUST-036423,0,Cluster 0 (provisional)
CUST-036430,1,Cluster 1 (provisional)
CUST-036487,0,Cluster 0 (provisional)
CUST-036509,0,Cluster 0 (provisional)
CUST-036539,0,Cluster 0 (provisional)
CUST-036577,0,Cluster 0 (provisional)
CUST-036578,0,Cluster 0 (provisional)
CUST-036579,0,Cluster 0 (provisional)
CUST-036593,0,Cluster 0 (provisional)
CUST-036623,0,Cluster 0 (provisional)
CUST-036645,0,Cluster 0 (provisional)
CUST-036654,1,Cluster 1 (provisional)
CUST-036668,1,Cluster 1 (provisional)
CUST-036724,1,Cluster 1 (provisional)
CUST-036737,0,Cluster 0 (provisional)
CUST-036739,0,Cluster 0 (provisional)
CUST-036822,1,Cluster 1 (provisional)
CUST-036832,0,Cluster 0 (provisional)
CUST-036840,0,Cluster 0 (provisional)
CUST-036864,0,Cluster 0 (provisional)
CUST-036903,0,Cluster 0 (provisional)
CUST-036912,0,Cluster 0 (provisional)
CUST-036955,0,Cluster 0 (provisional)
CUST-036958,0,Cluster 0 (provisional)
CUST-037001,1,Cluster 1 (provisional)
CUST-037007,1,Cluster 1 (provisional)
CUST-037057,0,Cluster 0 (provisional)
CUST-037065,0,Cluster 0 (provisional)
CUST-037073,0,Cluster 0 (provisional)
CUST-037099,1,Cluster 1 (provisional)
CUST-037152,0,Cluster 0 (provisional)
CUST-037180,1,Cluster 1 (provisional)
CUST-037205,0,Cluster 0 (provisional)
CUST-037216,1,Cluster 1 (provisional)
CUST-037235,0,Cluster 0 (provisional)
CUST-037271,0,Cluster 0 (provisional)
CUST-037294,0,Cluster 0 (provisional)
CUST-037342,0,Cluster 0 (provisional)
CUST-037349,0,Cluster 0 (provisional)
CUST-037414,0,Cluster 0 (provisional)
CUST-037416,0,Cluster 0 (provisional)
CUST-037490,0,Cluster 0 (provisional)
CUST-037504,0,Cluster 0 (provisional)
CUST-037532,0,Cluster 0 (provisional)
CUST-037534,0,Cluster 0 (provisional)
CUST-037542,0,Cluster 0 (provisional)
CUST-037550,0,Cluster 0 (provisional)
CUST-037591,0,Cluster 0 (provisional)
CUST-037597,0,Cluster 0 (provisional)
CUST-037638,0,Cluster 0 (provisional)
CUST-037650,1,Cluster 1 (provisional)
CUST-037658,0,Cluster 0 (provisional)
CUST-037661,0,Cluster 0 (provisional)
CUST-037667,1,Cluster 1 (provisional)
CUST-037712,0,Cluster 0 (provisional)
CUST-037718,0,Cluster 0 (provisional)
CUST-037734,0,Cluster 0 (provisional)
CUST-037751,0,Cluster 0 (provisional)
CUST-037762,1,Cluster 1 (provisional)
CUST-037780,0,Cluster 0 (provisional)
CUST-037783,0,Cluster 0 (provisional)
CUST-037791,0,Cluster 0 (provisional)
CUST-037838,0,Cluster 0 (provisional)
CUST-037849,1,Cluster 1 (provisional)
CUST-037851,0,Cluster 0 (provisional)
CUST-037866,0,Cluster 0 (provisional)
CUST-037879,0,Cluster 0 (provisional)
CUST-037934,0,Cluster 0 (provisional)
CUST-037958,1,Cluster 1 (provisional)
CUST-037959,0,Cluster 0 (provisional)
CUST-037968,0,Cluster 0 (provisional)
CUST-037985,0,Cluster 0 (provisional)
CUST-038011,0,Cluster 0 (provisional)
CUST-038034,0,Cluster 0 (provisional)
CUST-038068,1,Cluster 1 (provisional)
CUST-038075,0,Cluster 0 (provisional)
CUST-038089,0,Cluster 0 (provisional)
CUST-038103,0,Cluster 0 (provisional)
CUST-038122,0,Cluster 0 (provisional)
CUST-038164,0,Cluster 0 (provisional)
CUST-038168,0,Cluster 0 (provisional)
CUST-038180,1,Cluster 1 (provisional)
CUST-038181,0,Cluster 0 (provisional)
CUST-038182,0,Cluster 0 (provisional)
CUST-038201,0,Cluster 0 (provisional)
CUST-038228,0,Cluster 0 (provisional)
CUST-038255,0,Cluster 0 (provisional)
CUST-038305,0,Cluster 0 (provisional)
CUST-038337,0,Cluster 0 (provisional)
CUST-038343,1,Cluster 1 (provisional)
CUST-038348,0,Cluster 0 (provisional)
CUST-038379,0,Cluster 0 (provisional)
CUST-038381,0,Cluster 0 (provisional)
CUST-038418,0,Cluster 0 (provisional)
CUST-038440,0,Cluster 0 (provisional)
CUST-038458,0,Cluster 0 (provisional)
CUST-038465,0,Cluster 0 (provisional)
CUST-038472,0,Cluster 0 (provisional)
CUST-038485,0,Cluster 0 (provisional)
CUST-038517,0,Cluster 0 (provisional)
CUST-038529,0,Cluster 0 (provisional)
CUST-038530,0,Cluster 0 (provisional)
CUST-038557,0,Cluster 0 (provisional)
CUST-038567,0,Cluster 0 (provisional)
CUST-038635,0,Cluster 0 (provisional)
CUST-038638,0,Cluster 0 (provisional)
CUST-038657,0,Cluster 0 (provisional)
CUST-038666,0,Cluster 0 (provisional)
CUST-038674,0,Cluster 0 (provisional)
CUST-038760,1,Cluster 1 (provisional)
CUST-038775,0,Cluster 0 (provisional)
CUST-038776,0,Cluster 0 (provisional)
CUST-038799,0,Cluster 0 (provisional)
CUST-038822,0,Cluster 0 (provisional)
CUST-038827,0,Cluster 0 (provisional)
CUST-038831,0,Cluster 0 (provisional)
CUST-038839,0,Cluster 0 (provisional)
CUST-038901,0,Cluster 0 (provisional)
CUST-038916,0,Cluster 0 (provisional)
CUST-038918,0,Cluster 0 (provisional)
CUST-038954,0,Cluster 0 (provisional)
CUST-038961,0,Cluster 0 (provisional)
CUST-038993,0,Cluster 0 (provisional)
CUST-039000,0,Cluster 0 (provisional)
CUST-039014,1,Cluster 1 (provisional)
CUST-039022,1,Cluster 1 (provisional)
CUST-039023,0,Cluster 0 (provisional)
CUST-039029,0,Cluster 0 (provisional)
CUST-039038,0,Cluster 0 (provisional)
CUST-039068,0,Cluster 0 (provisional)
CUST-039078,0,Cluster 0 (provisional)
CUST-039091,1,Cluster 1 (provisional)
CUST-039108,0,Cluster 0 (provisional)
CUST-039113,0,Cluster 0 (provisional)
CUST-039125,0,Cluster 0 (provisional)
CUST-039140,0,Cluster 0 (provisional)
CUST-039147,1,Cluster 1 (provisional)
CUST-039155,0,Cluster 0 (provisional)
CUST-039165,0,Cluster 0 (provisional)
CUST-039184,0,Cluster 0 (provisional)
CUST-039277,0,Cluster 0 (provisional)
CUST-039295,1,Cluster 1 (provisional)
CUST-039307,0,Cluster 0 (provisional)
CUST-039313,0,Cluster 0 (provisional)
CUST-039324,1,Cluster 1 (provisional)
CUST-039326,0,Cluster 0 (provisional)
CUST-039332,1,Cluster 1 (provisional)
CUST-039343,0,Cluster 0 (provisional)
CUST-039362,0,Cluster 0 (provisional)
CUST-039370,0,Cluster 0 (provisional)
CUST-039371,0,Cluster 0 (provisional)
CUST-039372,0,Cluster 0 (provisional)
CUST-039399,0,Cluster 0 (provisional)
CUST-039437,0,Cluster 0 (provisional)
CUST-039438,0,Cluster 0 (provisional)
CUST-039477,1,Cluster 1 (provisional)
CUST-039485,0,Cluster 0 (provisional)
CUST-039497,1,Cluster 1 (provisional)
CUST-039500,1,Cluster 1 (provisional)
CUST-039527,0,Cluster 0 (provisional)
CUST-039528,0,Cluster 0 (provisional)
CUST-039584,0,Cluster 0 (provisional)
CUST-039616,1,Cluster 1 (provisional)
CUST-039649,1,Cluster 1 (provisional)
CUST-039659,0,Cluster 0 (provisional)
CUST-039690,0,Cluster 0 (provisional)
CUST-039698,0,Cluster 0 (provisional)
CUST-039729,1,Cluster 1 (provisional)
CUST-039730,0,Cluster 0 (provisional)
CUST-039784,1,Cluster 1 (provisional)
CUST-039795,0,Cluster 0 (provisional)
CUST-039815,0,Cluster 0 (provisional)
CUST-039820,1,Cluster 1 (provisional)
CUST-039842,0,Cluster 0 (provisional)
CUST-039849,0,Cluster 0 (provisional)
CUST-039882,0,Cluster 0 (provisional)
CUST-039885,0,Cluster 0 (provisional)
CUST-039900,1,Cluster 1 (provisional)
CUST-039947,0,Cluster 0 (provisional)
CUST-039959,0,Cluster 0 (provisional)
CUST-039988,0,Cluster 0 (provisional)
CUST-040098,0,Cluster 0 (provisional)
CUST-040125,0,Cluster 0 (provisional)
CUST-040128,0,Cluster 0 (provisional)
CUST-040138,1,Cluster 1 (provisional)
CUST-040139,0,Cluster 0 (provisional)
CUST-040142,0,Cluster 0 (provisional)
CUST-040150,0,Cluster 0 (provisional)
CUST-040154,0,Cluster 0 (provisional)
CUST-040188,0,Cluster 0 (provisional)
CUST-040199,1,Cluster 1 (provisional)
CUST-040204,0,Cluster 0 (provisional)
CUST-040205,0,Cluster 0 (provisional)
CUST-040206,1,Cluster 1 (provisional)
CUST-040256,0,Cluster 0 (provisional)
CUST-040264,0,Cluster 0 (provisional)
CUST-040336,0,Cluster 0 (provisional)
CUST-040363,0,Cluster 0 (provisional)
CUST-040391,0,Cluster 0 (provisional)
CUST-040401,0,Cluster 0 (provisional)
CUST-040406,1,Cluster 1 (provisional)
CUST-040467,1,Cluster 1 (provisional)
CUST-040481,0,Cluster 0 (provisional)
CUST-040509,0,Cluster 0 (provisional)
CUST-040540,0,Cluster 0 (provisional)
CUST-040584,0,Cluster 0 (provisional)
CUST-040589,0,Cluster 0 (provisional)
CUST-040590,0,Cluster 0 (provisional)
CUST-040606,0,Cluster 0 (provisional)
CUST-040626,1,Cluster 1 (provisional)
CUST-040668,1,Cluster 1 (provisional)
CUST-040672,0,Cluster 0 (provisional)
CUST-040679,0,Cluster 0 (provisional)
CUST-040712,0,Cluster 0 (provisional)
CUST-040724,0,Cluster 0 (provisional)
CUST-040731,0,Cluster 0 (provisional)
CUST-040738,0,Cluster 0 (provisional)
CUST-040815,1,Cluster 1 (provisional)
CUST-040844,0,Cluster 0 (provisional)
CUST-040852,0,Cluster 0 (provisional)
CUST-040865,0,Cluster 0 (provisional)
CUST-040874,0,Cluster 0 (provisional)
CUST-040883,0,Cluster 0 (provisional)
CUST-040886,1,Cluster 1 (provisional)
CUST-040963,0,Cluster 0 (provisional)
CUST-041004,1,Cluster 1 (provisional)
CUST-041016,0,Cluster 0 (provisional)
CUST-041022,1,Cluster 1 (provisional)
CUST-041023,0,Cluster 0 (provisional)
CUST-041024,0,Cluster 0 (provisional)
CUST-041026,1,Cluster 1 (provisional)
CUST-041028,0,Cluster 0 (provisional)
CUST-041033,1,Cluster 1 (provisional)
CUST-041047,0,Cluster 0 (provisional)
CUST-041049,0,Cluster 0 (provisional)
CUST-041055,0,Cluster 0 (provisional)
CUST-041070,0,Cluster 0 (provisional)
CUST-041074,0,Cluster 0 (provisional)
CUST-041082,0,Cluster 0 (provisional)
CUST-041103,0,Cluster 0 (provisional)
CUST-041145,0,Cluster 0 (provisional)
CUST-041149,0,Cluster 0 (provisional)
CUST-041155,0,Cluster 0 (provisional)
CUST-041179,1,Cluster 1 (provisional)
CUST-041180,0,Cluster 0 (provisional)
CUST-041186,0,Cluster 0 (provisional)
CUST-041199,0,Cluster 0 (provisional)
CUST-041226,0,Cluster 0 (provisional)
CUST-041264,1,Cluster 1 (provisional)
CUST-041270,0,Cluster 0 (provisional)
CUST-041272,0,Cluster 0 (provisional)
CUST-041297,0,Cluster 0 (provisional)
CUST-041313,1,Cluster 1 (provisional)
CUST-041368,0,Cluster 0 (provisional)
CUST-041369,1,Cluster 1 (provisional)
CUST-041403,0,Cluster 0 (provisional)
CUST-041408,0,Cluster 0 (provisional)
CUST-041418,0,Cluster 0 (provisional)
CUST-041430,0,Cluster 0 (provisional)
CUST-041439,0,Cluster 0 (provisional)
CUST-041450,0,Cluster 0 (provisional)
CUST-041466,0,Cluster 0 (provisional)
CUST-041468,0,Cluster 0 (provisional)
CUST-041510,0,Cluster 0 (provisional)
CUST-041519,0,Cluster 0 (provisional)
CUST-041524,0,Cluster 0 (provisional)
CUST-041539,0,Cluster 0 (provisional)
CUST-041540,0,Cluster 0 (provisional)
CUST-041552,0,Cluster 0 (provisional)
CUST-041556,0,Cluster 0 (provisional)
CUST-041566,0,Cluster 0 (provisional)
CUST-041575,1,Cluster 1 (provisional)
CUST-041576,0,Cluster 0 (provisional)
CUST-041580,0,Cluster 0 (provisional)
CUST-041613,0,Cluster 0 (provisional)
CUST-041639,0,Cluster 0 (provisional)
CUST-041663,0,Cluster 0 (provisional)
CUST-041670,0,Cluster 0 (provisional)
CUST-041673,0,Cluster 0 (provisional)
CUST-041718,0,Cluster 0 (provisional)
CUST-041730,0,Cluster 0 (provisional)
CUST-041732,0,Cluster 0 (provisional)
CUST-041761,1,Cluster 1 (provisional)
CUST-041788,0,Cluster 0 (provisional)
CUST-041805,1,Cluster 1 (provisional)
CUST-041851,0,Cluster 0 (provisional)
CUST-041861,0,Cluster 0 (provisional)
CUST-041867,0,Cluster 0 (provisional)
CUST-041882,0,Cluster 0 (provisional)
CUST-041892,0,Cluster 0 (provisional)
CUST-041902,0,Cluster 0 (provisional)
CUST-041903,0,Cluster 0 (provisional)
CUST-041907,1,Cluster 1 (provisional)
CUST-041919,0,Cluster 0 (provisional)
CUST-041974,0,Cluster 0 (provisional)
CUST-041980,0,Cluster 0 (provisional)
CUST-041998,0,Cluster 0 (provisional)
CUST-042001,0,Cluster 0 (provisional)
CUST-042036,0,Cluster 0 (provisional)
CUST-042037,0,Cluster 0 (provisional)
CUST-042047,0,Cluster 0 (provisional)
CUST-042062,0,Cluster 0 (provisional)
CUST-042090,0,Cluster 0 (provisional)
CUST-042100,0,Cluster 0 (provisional)
CUST-042138,0,Cluster 0 (provisional)
CUST-042201,0,Cluster 0 (provisional)
CUST-042204,0,Cluster 0 (provisional)
CUST-042206,0,Cluster 0 (provisional)
CUST-042249,0,Cluster 0 (provisional)
CUST-042252,0,Cluster 0 (provisional)
CUST-042303,0,Cluster 0 (provisional)
CUST-042340,0,Cluster 0 (provisional)
CUST-042341,1,Cluster 1 (provisional)
CUST-042370,0,Cluster 0 (provisional)
CUST-042413,0,Cluster 0 (provisional)
CUST-042436,0,Cluster 0 (provisional)
CUST-042460,1,Cluster 1 (provisional)
CUST-042533,0,Cluster 0 (provisional)
CUST-042544,0,Cluster 0 (provisional)
CUST-042593,0,Cluster 0 (provisional)
CUST-042611,0,Cluster 0 (provisional)
CUST-042629,0,Cluster 0 (provisional)
CUST-042631,0,Cluster 0 (provisional)
CUST-042639,0,Cluster 0 (provisional)
CUST-042641,0,Cluster 0 (provisional)
CUST-042715,0,Cluster 0 (provisional)
CUST-042732,0,Cluster 0 (provisional)
CUST-042777,1,Cluster 1 (provisional)
CUST-042822,0,Cluster 0 (provisional)
CUST-042849,0,Cluster 0 (provisional)
CUST-042865,0,Cluster 0 (provisional)
CUST-042875,0,Cluster 0 (provisional)
CUST-042883,0,Cluster 0 (provisional)
CUST-042895,0,Cluster 0 (provisional)
CUST-042940,0,Cluster 0 (provisional)
CUST-043021,0,Cluster 0 (provisional)
CUST-043036,0,Cluster 0 (provisional)
CUST-043050,0,Cluster 0 (provisional)
CUST-043059,0,Cluster 0 (provisional)
CUST-043066,0,Cluster 0 (provisional)
CUST-043089,0,Cluster 0 (provisional)
CUST-043115,1,Cluster 1 (provisional)
CUST-043139,0,Cluster 0 (provisional)
CUST-043172,0,Cluster 0 (provisional)
CUST-043179,0,Cluster 0 (provisional)
CUST-043193,0,Cluster 0 (provisional)
CUST-043197,0,Cluster 0 (provisional)
CUST-043239,0,Cluster 0 (provisional)
CUST-043266,1,Cluster 1 (provisional)
CUST-043269,0,Cluster 0 (provisional)
CUST-043290,0,Cluster 0 (provisional)
CUST-043319,0,Cluster 0 (provisional)
CUST-043321,0,Cluster 0 (provisional)
CUST-043327,0,Cluster 0 (provisional)
CUST-043347,0,Cluster 0 (provisional)
CUST-043533,0,Cluster 0 (provisional)
CUST-043537,0,Cluster 0 (provisional)
CUST-043555,0,Cluster 0 (provisional)
CUST-043586,0,Cluster 0 (provisional)
CUST-043592,1,Cluster 1 (provisional)
CUST-043620,0,Cluster 0 (provisional)
CUST-043649,0,Cluster 0 (provisional)
CUST-043685,0,Cluster 0 (provisional)
CUST-043691,0,Cluster 0 (provisional)
CUST-043695,0,Cluster 0 (provisional)
CUST-043747,0,Cluster 0 (provisional)
CUST-043770,0,Cluster 0 (provisional)
CUST-043779,0,Cluster 0 (provisional)
CUST-043807,0,Cluster 0 (provisional)
CUST-043836,0,Cluster 0 (provisional)
CUST-043877,0,Cluster 0 (provisional)
CUST-043892,1,Cluster 1 (provisional)
CUST-043899,0,Cluster 0 (provisional)
CUST-043903,0,Cluster 0 (provisional)
CUST-043921,0,Cluster 0 (provisional)
CUST-043928,0,Cluster 0 (provisional)
CUST-043969,0,Cluster 0 (provisional)
CUST-043985,0,Cluster 0 (provisional)
CUST-044028,0,Cluster 0 (provisional)
CUST-044031,0,Cluster 0 (provisional)
CUST-044042,0,Cluster 0 (provisional)
CUST-044081,1,Cluster 1 (provisional)
CUST-044091,0,Cluster 0 (provisional)
CUST-044132,0,Cluster 0 (provisional)
CUST-044139,0,Cluster 0 (provisional)
CUST-044140,0,Cluster 0 (provisional)
CUST-044162,0,Cluster 0 (provisional)
CUST-044165,0,Cluster 0 (provisional)
CUST-044183,0,Cluster 0 (provisional)
CUST-044218,0,Cluster 0 (provisional)
CUST-044273,0,Cluster 0 (provisional)
CUST-044274,0,Cluster 0 (provisional)
CUST-044280,0,Cluster 0 (provisional)
CUST-044294,1,Cluster 1 (provisional)
CUST-044296,0,Cluster 0 (provisional)
CUST-044312,0,Cluster 0 (provisional)
CUST-044342,0,Cluster 0 (provisional)
CUST-044370,0,Cluster 0 (provisional)
CUST-044480,1,Cluster 1 (provisional)
CUST-044482,0,Cluster 0 (provisional)
CUST-044508,0,Cluster 0 (provisional)
CUST-044527,0,Cluster 0 (provisional)
CUST-044539,1,Cluster 1 (provisional)
CUST-044541,0,Cluster 0 (provisional)
CUST-044589,0,Cluster 0 (provisional)
CUST-044614,0,Cluster 0 (provisional)
CUST-044620,1,Cluster 1 (provisional)
CUST-044677,1,Cluster 1 (provisional)
CUST-044688,0,Cluster 0 (provisional)
CUST-044711,0,Cluster 0 (provisional)
CUST-044763,0,Cluster 0 (provisional)
CUST-044764,0,Cluster 0 (provisional)
CUST-044782,0,Cluster 0 (provisional)
CUST-044785,0,Cluster 0 (provisional)
CUST-044806,0,Cluster 0 (provisional)
CUST-044813,0,Cluster 0 (provisional)
CUST-044835,0,Cluster 0 (provisional)
CUST-044864,0,Cluster 0 (provisional)
CUST-044879,0,Cluster 0 (provisional)
CUST-044888,0,Cluster 0 (provisional)
CUST-044892,0,Cluster 0 (provisional)
CUST-044900,1,Cluster 1 (provisional)
CUST-044908,1,Cluster 1 (provisional)
CUST-044914,0,Cluster 0 (provisional)
CUST-044936,0,Cluster 0 (provisional)
CUST-044949,0,Cluster 0 (provisional)
CUST-044999,0,Cluster 0 (provisional)
CUST-045006,0,Cluster 0 (provisional)
CUST-045009,1,Cluster 1 (provisional)
CUST-045050,0,Cluster 0 (provisional)
CUST-045051,0,Cluster 0 (provisional)
CUST-045089,0,Cluster 0 (provisional)
CUST-045100,0,Cluster 0 (provisional)
CUST-045101,0,Cluster 0 (provisional)
CUST-045121,1,Cluster 1 (provisional)
CUST-045142,0,Cluster 0 (provisional)
CUST-045153,0,Cluster 0 (provisional)
CUST-045159,0,Cluster 0 (provisional)
CUST-045177,1,Cluster 1 (provisional)
CUST-045184,0,Cluster 0 (provisional)
CUST-045199,0,Cluster 0 (provisional)
CUST-045200,1,Cluster 1 (provisional)
CUST-045203,1,Cluster 1 (provisional)
CUST-045234,1,Cluster 1 (provisional)
CUST-045236,0,Cluster 0 (provisional)
CUST-045246,0,Cluster 0 (provisional)
CUST-045316,0,Cluster 0 (provisional)
CUST-045361,1,Cluster 1 (provisional)
CUST-045388,0,Cluster 0 (provisional)
CUST-045427,1,Cluster 1 (provisional)
CUST-045433,0,Cluster 0 (provisional)
CUST-045434,0,Cluster 0 (provisional)
CUST-045471,0,Cluster 0 (provisional)
CUST-045490,0,Cluster 0 (provisional)
CUST-045549,1,Cluster 1 (provisional)
CUST-045563,0,Cluster 0 (provisional)
CUST-045570,0,Cluster 0 (provisional)
CUST-045625,1,Cluster 1 (provisional)
CUST-045632,0,Cluster 0 (provisional)
CUST-045680,0,Cluster 0 (provisional)
CUST-045724,0,Cluster 0 (provisional)
CUST-045733,0,Cluster 0 (provisional)
CUST-045736,1,Cluster 1 (provisional)
CUST-045745,0,Cluster 0 (provisional)
CUST-045762,0,Cluster 0 (provisional)
CUST-045776,0,Cluster 0 (provisional)
CUST-045806,1,Cluster 1 (provisional)
CUST-045820,0,Cluster 0 (provisional)
CUST-045882,0,Cluster 0 (provisional)
CUST-045885,0,Cluster 0 (provisional)
CUST-045899,0,Cluster 0 (provisional)
CUST-045925,1,Cluster 1 (provisional)
CUST-045938,0,Cluster 0 (provisional)
CUST-045944,0,Cluster 0 (provisional)
CUST-045968,0,Cluster 0 (provisional)
CUST-046015,0,Cluster 0 (provisional)
CUST-046049,0,Cluster 0 (provisional)
CUST-046061,0,Cluster 0 (provisional)
CUST-046063,1,Cluster 1 (provisional)
CUST-046071,0,Cluster 0 (provisional)
CUST-046078,0,Cluster 0 (provisional)
CUST-046106,0,Cluster 0 (provisional)
CUST-046120,0,Cluster 0 (provisional)
CUST-046167,0,Cluster 0 (provisional)
CUST-046204,0,Cluster 0 (provisional)
CUST-046233,0,Cluster 0 (provisional)
CUST-046271,0,Cluster 0 (provisional)
CUST-046281,0,Cluster 0 (provisional)
CUST-046286,1,Cluster 1 (provisional)
CUST-046298,0,Cluster 0 (provisional)
CUST-046345,0,Cluster 0 (provisional)
CUST-046349,1,Cluster 1 (provisional)
CUST-046350,1,Cluster 1 (provisional)
CUST-046430,0,Cluster 0 (provisional)
CUST-046431,0,Cluster 0 (provisional)
CUST-046493,1,Cluster 1 (provisional)
CUST-046504,0,Cluster 0 (provisional)
CUST-046523,0,Cluster 0 (provisional)
CUST-046553,0,Cluster 0 (provisional)
CUST-046562,0,Cluster 0 (provisional)
CUST-046592,0,Cluster 0 (provisional)
CUST-046598,0,Cluster 0 (provisional)
CUST-046604,0,Cluster 0 (provisional)
CUST-046623,0,Cluster 0 (provisional)
CUST-046633,1,Cluster 1 (provisional)
CUST-046647,0,Cluster 0 (provisional)
CUST-046650,0,Cluster 0 (provisional)
CUST-046679,0,Cluster 0 (provisional)
CUST-046697,0,Cluster 0 (provisional)
CUST-046705,0,Cluster 0 (provisional)
CUST-046724,0,Cluster 0 (provisional)
CUST-046730,0,Cluster 0 (provisional)
CUST-046742,0,Cluster 0 (provisional)
CUST-046804,0,Cluster 0 (provisional)
CUST-046837,0,Cluster 0 (provisional)
CUST-046838,0,Cluster 0 (provisional)
CUST-046856,1,Cluster 1 (provisional)
CUST-046859,0,Cluster 0 (provisional)
CUST-046863,0,Cluster 0 (provisional)
CUST-046906,1,Cluster 1 (provisional)
CUST-046914,0,Cluster 0 (provisional)
CUST-046922,0,Cluster 0 (provisional)
CUST-046949,0,Cluster 0 (provisional)
CUST-046963,0,Cluster 0 (provisional)
CUST-047011,0,Cluster 0 (provisional)
CUST-047036,0,Cluster 0 (provisional)
CUST-047037,0,Cluster 0 (provisional)
CUST-047052,1,Cluster 1 (provisional)
CUST-047086,0,Cluster 0 (provisional)
CUST-047087,0,Cluster 0 (provisional)
CUST-047107,0,Cluster 0 (provisional)
CUST-047141,1,Cluster 1 (provisional)
CUST-047154,1,Cluster 1 (provisional)
CUST-047159,0,Cluster 0 (provisional)
CUST-047161,0,Cluster 0 (provisional)
CUST-047173,0,Cluster 0 (provisional)
CUST-047189,0,Cluster 0 (provisional)
CUST-047202,0,Cluster 0 (provisional)
CUST-047213,1,Cluster 1 (provisional)
CUST-047266,0,Cluster 0 (provisional)
CUST-047270,0,Cluster 0 (provisional)
CUST-047272,0,Cluster 0 (provisional)
CUST-047295,0,Cluster 0 (provisional)
CUST-047325,0,Cluster 0 (provisional)
CUST-047357,0,Cluster 0 (provisional)
CUST-047363,0,Cluster 0 (provisional)
CUST-047390,0,Cluster 0 (provisional)
CUST-047432,0,Cluster 0 (provisional)
CUST-047459,1,Cluster 1 (provisional)
CUST-047473,0,Cluster 0 (provisional)
CUST-047493,1,Cluster 1 (provisional)
CUST-047506,0,Cluster 0 (provisional)
CUST-047512,0,Cluster 0 (provisional)
CUST-047514,0,Cluster 0 (provisional)
CUST-047539,0,Cluster 0 (provisional)
CUST-047550,0,Cluster 0 (provisional)
CUST-047606,0,Cluster 0 (provisional)
CUST-047627,0,Cluster 0 (provisional)
CUST-047640,0,Cluster 0 (provisional)
CUST-047647,0,Cluster 0 (provisional)
CUST-047661,0,Cluster 0 (provisional)
CUST-047745,0,Cluster 0 (provisional)
CUST-047765,1,Cluster 1 (provisional)
CUST-047772,0,Cluster 0 (provisional)
CUST-047777,0,Cluster 0 (provisional)
CUST-047779,0,Cluster 0 (provisional)
CUST-047782,0,Cluster 0 (provisional)
CUST-047785,0,Cluster 0 (provisional)
CUST-047830,0,Cluster 0 (provisional)
CUST-047844,0,Cluster 0 (provisional)
CUST-047851,0,Cluster 0 (provisional)
CUST-047880,1,Cluster 1 (provisional)
CUST-047904,0,Cluster 0 (provisional)
CUST-047939,1,Cluster 1 (provisional)
CUST-047957,0,Cluster 0 (provisional)
CUST-047984,0,Cluster 0 (provisional)
CUST-047985,1,Cluster 1 (provisional)
CUST-047990,0,Cluster 0 (provisional)
CUST-047995,0,Cluster 0 (provisional)
CUST-048013,0,Cluster 0 (provisional)
CUST-048017,0,Cluster 0 (provisional)
CUST-048045,0,Cluster 0 (provisional)
CUST-048052,0,Cluster 0 (provisional)
CUST-048068,0,Cluster 0 (provisional)
CUST-048113,1,Cluster 1 (provisional)
CUST-048131,0,Cluster 0 (provisional)
CUST-048133,0,Cluster 0 (provisional)
CUST-048143,0,Cluster 0 (provisional)
CUST-048154,0,Cluster 0 (provisional)
CUST-048156,0,Cluster 0 (provisional)
CUST-048160,0,Cluster 0 (provisional)
CUST-048181,1,Cluster 1 (provisional)
CUST-048213,0,Cluster 0 (provisional)
CUST-048219,0,Cluster 0 (provisional)
CUST-048268,0,Cluster 0 (provisional)
CUST-048273,0,Cluster 0 (provisional)
CUST-048287,0,Cluster 0 (provisional)
CUST-048319,0,Cluster 0 (provisional)
CUST-048323,0,Cluster 0 (provisional)
CUST-048336,0,Cluster 0 (provisional)
CUST-048381,0,Cluster 0 (provisional)
CUST-048383,0,Cluster 0 (provisional)
CUST-048392,1,Cluster 1 (provisional)
CUST-048407,0,Cluster 0 (provisional)
CUST-048409,0,Cluster 0 (provisional)
CUST-048412,0,Cluster 0 (provisional)
CUST-048417,0,Cluster 0 (provisional)
CUST-048419,0,Cluster 0 (provisional)
CUST-048425,0,Cluster 0 (provisional)
CUST-048447,0,Cluster 0 (provisional)
CUST-048452,0,Cluster 0 (provisional)
CUST-048469,0,Cluster 0 (provisional)
CUST-048491,0,Cluster 0 (provisional)
CUST-048494,0,Cluster 0 (provisional)
CUST-048500,1,Cluster 1 (provisional)
CUST-048513,0,Cluster 0 (provisional)
CUST-048516,0,Cluster 0 (provisional)
CUST-048547,1,Cluster 1 (provisional)
CUST-048574,0,Cluster 0 (provisional)
CUST-048575,0,Cluster 0 (provisional)
CUST-048688,0,Cluster 0 (provisional)
CUST-048693,0,Cluster 0 (provisional)
CUST-048728,0,Cluster 0 (provisional)
CUST-048765,0,Cluster 0 (provisional)
CUST-048797,0,Cluster 0 (provisional)
CUST-048803,0,Cluster 0 (provisional)
CUST-048876,0,Cluster 0 (provisional)
CUST-048904,0,Cluster 0 (provisional)
CUST-048950,1,Cluster 1 (provisional)
CUST-048965,0,Cluster 0 (provisional)
CUST-048972,0,Cluster 0 (provisional)
CUST-049003,0,Cluster 0 (provisional)
CUST-049011,0,Cluster 0 (provisional)
CUST-049025,1,Cluster 1 (provisional)
CUST-049050,0,Cluster 0 (provisional)
CUST-049100,0,Cluster 0 (provisional)
CUST-049102,0,Cluster 0 (provisional)
CUST-049128,0,Cluster 0 (provisional)
CUST-049131,0,Cluster 0 (provisional)
CUST-049159,0,Cluster 0 (provisional)
CUST-049171,0,Cluster 0 (provisional)
CUST-049190,0,Cluster 0 (provisional)
CUST-049210,1,Cluster 1 (provisional)
CUST-049280,0,Cluster 0 (provisional)
CUST-049389,1,Cluster 1 (provisional)
CUST-049392,1,Cluster 1 (provisional)
CUST-049424,1,Cluster 1 (provisional)
CUST-049443,0,Cluster 0 (provisional)
CUST-049447,1,Cluster 1 (provisional)
CUST-049449,0,Cluster 0 (provisional)
CUST-049458,0,Cluster 0 (provisional)
CUST-049465,0,Cluster 0 (provisional)
CUST-049469,0,Cluster 0 (provisional)
CUST-049511,0,Cluster 0 (provisional)
CUST-049528,0,Cluster 0 (provisional)
CUST-049567,0,Cluster 0 (provisional)
CUST-049619,0,Cluster 0 (provisional)
CUST-049620,0,Cluster 0 (provisional)
CUST-049650,0,Cluster 0 (provisional)
CUST-049660,0,Cluster 0 (provisional)
CUST-049664,0,Cluster 0 (provisional)
CUST-049673,0,Cluster 0 (provisional)
CUST-049706,0,Cluster 0 (provisional)
CUST-049714,1,Cluster 1 (provisional)
CUST-049717,0,Cluster 0 (provisional)
CUST-049741,0,Cluster 0 (provisional)
CUST-049766,0,Cluster 0 (provisional)
CUST-049813,0,Cluster 0 (provisional)
CUST-049826,0,Cluster 0 (provisional)
CUST-049834,0,Cluster 0 (provisional)
CUST-049854,0,Cluster 0 (provisional)
CUST-049859,1,Cluster 1 (provisional)
CUST-049934,0,Cluster 0 (provisional)
CUST-049951,0,Cluster 0 (provisional)
CUST-049972,1,Cluster 1 (provisional)
CUST-049990,0,Cluster 0 (provisional)
