K,linkage,metric,parent_sample_n,parent_sample_seed,subsample_n_a,subsample_n_b,seed_a,seed_b,overlap_n,ari_on_common_ids,fit_runtime_a_s,fit_runtime_b_s
2,average,euclidean,2500,42,2000,2000,101,202,1601,0.007004504976503389,0.1292156000272371,0.09419699996942654
2,average,euclidean,2500,42,2000,2000,101,303,1605,0.8603366085656144,0.1292156000272371,0.09198050003033131
2,average,euclidean,2500,42,2000,2000,101,404,1595,0.8114617254906518,0.1292156000272371,0.07194759999401867
2,average,euclidean,2500,42,2000,2000,202,303,1609,0.011921202858741058,0.09419699996942654,0.09198050003033131
2,average,euclidean,2500,42,2000,2000,202,404,1589,0.0,0.09419699996942654,0.07194759999401867
2,average,euclidean,2500,42,2000,2000,303,404,1599,0.8604764172680135,0.09198050003033131,0.07194759999401867
2,complete,euclidean,2500,42,2000,2000,101,202,1601,0.006744681533195212,0.07484180002938956,0.0718574000056833
2,complete,euclidean,2500,42,2000,2000,101,303,1605,0.008247174732027494,0.07484180002938956,0.06970380002167076
2,complete,euclidean,2500,42,2000,2000,101,404,1595,0.009096613552916015,0.07484180002938956,0.06790720002027228
2,complete,euclidean,2500,42,2000,2000,202,303,1609,-0.017814253641418643,0.0718574000056833,0.06970380002167076
2,complete,euclidean,2500,42,2000,2000,202,404,1589,0.00021113512801165687,0.0718574000056833,0.06790720002027228
2,complete,euclidean,2500,42,2000,2000,303,404,1599,0.03049608086295257,0.06970380002167076,0.06790720002027228
2,ward,euclidean,2500,42,2000,2000,101,202,1601,0.8069651725231919,0.07507030002307147,0.07515029999194667
2,ward,euclidean,2500,42,2000,2000,101,303,1605,0.8903971501682428,0.07507030002307147,0.08273339999141172
2,ward,euclidean,2500,42,2000,2000,101,404,1595,0.8200356645467127,0.07507030002307147,0.2033784999512136
2,ward,euclidean,2500,42,2000,2000,202,303,1609,0.8657472146794598,0.07515029999194667,0.08273339999141172
2,ward,euclidean,2500,42,2000,2000,202,404,1589,0.7819673713802636,0.07515029999194667,0.2033784999512136
2,ward,euclidean,2500,42,2000,2000,303,404,1599,0.8390366665031445,0.08273339999141172,0.2033784999512136
2,average,manhattan,2500,42,2000,2000,101,202,1601,-0.0010811395481555197,0.18160840001655743,0.20444199995836243
2,average,manhattan,2500,42,2000,2000,101,303,1605,-0.002132096611123339,0.18160840001655743,0.12669459998141974
2,average,manhattan,2500,42,2000,2000,101,404,1595,0.6519937074426475,0.18160840001655743,0.13407590001588687
2,average,manhattan,2500,42,2000,2000,202,303,1609,-0.0016559499949031775,0.20444199995836243,0.12669459998141974
2,average,manhattan,2500,42,2000,2000,202,404,1589,0.01458186074733523,0.20444199995836243,0.13407590001588687
2,average,manhattan,2500,42,2000,2000,303,404,1599,0.01961488307584625,0.12669459998141974,0.13407590001588687
2,complete,manhattan,2500,42,2000,2000,101,202,1601,-0.00011124072739322291,0.11585320002632216,0.11116209998726845
2,complete,manhattan,2500,42,2000,2000,101,303,1605,0.006639416546332734,0.11585320002632216,0.10298650001641363
2,complete,manhattan,2500,42,2000,2000,101,404,1595,-0.010030152430156463,0.11585320002632216,0.10273099999176338
2,complete,manhattan,2500,42,2000,2000,202,303,1609,0.0252205374185682,0.11116209998726845,0.10298650001641363
2,complete,manhattan,2500,42,2000,2000,202,404,1589,0.0063657218541791705,0.11116209998726845,0.10273099999176338
2,complete,manhattan,2500,42,2000,2000,303,404,1599,-0.0008542018919554539,0.10298650001641363,0.10273099999176338
