K,init,n_init,max_iter,inertia,silhouette,davies_bouldin,calinski_harabasz,n_iter_,runtime_sec,cluster_sizes,min_cluster_pct,max_cluster_pct
2,k-means++,1,300,430009.85827326303,0.0644059453145241,3.7459830961018623,2789.398791943526,23,0.027896404266357422,"{""0"": 19993, ""1"": 20007}",49.9825,50.017500000000005
2,k-means++,5,300,429763.89976551564,0.06495052535816367,3.7290477719648076,2813.890447120346,48,0.1304459571838379,"{""0"": 19825, ""1"": 20175}",49.5625,50.4375
2,k-means++,10,300,427185.9821602486,0.12033935194435486,2.6792006254286576,3072.196112680663,9,0.19330382347106934,"{""0"": 33342, ""1"": 6658}",16.645,83.355
2,k-means++,20,300,427185.9821602486,0.12033935194435486,2.6792006254286576,3072.196112680663,9,0.328449010848999,"{""0"": 33342, ""1"": 6658}",16.645,83.355
2,random,1,300,430009.75543480134,0.06440158799920781,3.7459738042889366,2789.4128399657775,32,0.03713083267211914,"{""0"": 20009, ""1"": 19991}",49.9775,50.0225
2,random,5,300,427186.0065002237,0.12028559844118977,2.6793561633247718,3072.195713374142,11,0.09605622291564941,"{""0"": 6659, ""1"": 33341}",16.6475,83.35249999999999
2,random,10,300,427186.0065002237,0.12028559844118977,2.6793561633247718,3072.195713374142,11,0.16875362396240234,"{""0"": 6659, ""1"": 33341}",16.6475,83.35249999999999
2,random,20,300,427186.0065002237,0.12028559844118977,2.6793561633247718,3072.195713374142,11,0.2808356285095215,"{""0"": 6659, ""1"": 33341}",16.6475,83.35249999999999
8,k-means++,1,300,347753.80692760495,0.059885777422189646,2.4671527464055862,1844.024859256103,75,0.0907125473022461,"{""0"": 5013, ""1"": 4969, ""2"": 4947, ""3"": 4945, ""4"": 5099, ""5"": 4923, ""6"": 5087, ""7"": 5017}",12.307500000000001,12.7475
8,k-means++,5,300,347555.40576552064,0.061073796636892226,2.464293558212116,1848.337591429454,71,0.47429585456848145,"{""0"": 4954, ""1"": 5035, ""2"": 4955, ""3"": 5017, ""4"": 4938, ""5"": 4957, ""6"": 5100, ""7"": 5044}",12.345,12.75
8,k-means++,10,300,347555.40576552064,0.061073796636892226,2.464293558212116,1848.337591429454,71,1.2757763862609863,"{""0"": 4954, ""1"": 5035, ""2"": 4955, ""3"": 5017, ""4"": 4938, ""5"": 4957, ""6"": 5100, ""7"": 5044}",12.345,12.75
8,k-means++,20,300,347368.86318294506,0.060327488012635926,2.46434670514323,1852.3999690677765,126,2.555149793624878,"{""0"": 5018, ""1"": 5054, ""2"": 4971, ""3"": 4931, ""4"": 4951, ""5"": 5084, ""6"": 4919, ""7"": 5072}",12.2975,12.709999999999999
8,random,1,300,347521.75091314054,0.06066188661360394,2.468028633970595,1849.0736468181635,96,0.08852958679199219,"{""0"": 5105, ""1"": 4937, ""2"": 4956, ""3"": 5015, ""4"": 5004, ""5"": 5056, ""6"": 4873, ""7"": 5054}",12.182500000000001,12.7625
8,random,5,300,347319.0012206318,0.06043894261142864,2.489313947284993,1853.4848067951245,279,0.7557885646820068,"{""0"": 4967, ""1"": 5061, ""2"": 5077, ""3"": 4959, ""4"": 5006, ""5"": 4955, ""6"": 4984, ""7"": 4991}",12.3875,12.6925
8,random,10,300,347319.0012206319,0.06043894261142864,2.489313947284993,1853.4848067951245,279,1.2456715106964111,"{""0"": 4967, ""1"": 5061, ""2"": 5077, ""3"": 4959, ""4"": 5006, ""5"": 4955, ""6"": 4984, ""7"": 4991}",12.3875,12.6925
8,random,20,300,347283.8481510188,0.05942262358741722,2.449675764774789,1854.2517257819047,300,2.6978681087493896,"{""0"": 5118, ""1"": 4854, ""2"": 4991, ""3"": 5075, ""4"": 4976, ""5"": 4938, ""6"": 5017, ""7"": 5031}",12.135,12.795000000000002
4,k-means++,1,300,385933.25093323697,0.06292820348503352,2.9897816484331705,2558.5699213445887,41,0.04850625991821289,"{""0"": 10984, ""1"": 10520, ""2"": 12814, ""3"": 5682}",14.205000000000002,32.035000000000004
4,k-means++,5,300,385884.8910099702,0.06326493078971421,2.978350209193136,2560.544431510796,45,0.22695350646972656,"{""0"": 5725, ""1"": 10756, ""2"": 12811, ""3"": 10708}",14.3125,32.027499999999996
4,k-means++,10,300,385884.8910099702,0.06326493078971421,2.978350209193136,2560.544431510796,45,0.42142486572265625,"{""0"": 5725, ""1"": 10756, ""2"": 12811, ""3"": 10708}",14.3125,32.027499999999996
4,k-means++,20,300,385805.6743439579,0.06270221580911835,2.9921981312602473,2563.8192852640336,59,0.7644760608673096,"{""0"": 12752, ""1"": 11135, ""2"": 10414, ""3"": 5699}",14.247499999999999,31.879999999999995
4,random,1,300,385914.8353533506,0.06288298074548031,2.978534635430079,2559.3180119304006,36,0.045060157775878906,"{""0"": 12864, ""1"": 10671, ""2"": 5740, ""3"": 10725}",14.35,32.16
4,random,5,300,385859.3501603148,0.06346448631678604,2.9761946348003,2561.6109631930694,59,0.1647489070892334,"{""0"": 12699, ""1"": 10470, ""2"": 5734, ""3"": 11097}",14.335,31.747500000000002
4,random,10,300,385803.7194012417,0.06267787868799991,2.9947898477892285,2563.893536447903,57,0.3149077892303467,"{""0"": 11078, ""1"": 5702, ""2"": 12873, ""3"": 10347}",14.255,32.182500000000005
4,random,20,300,385521.752854211,0.0631538122150279,2.9872100839787272,2575.5192304916045,28,0.7428743839263916,"{""0"": 11099, ""1"": 12540, ""2"": 5745, ""3"": 10616}",14.3625,31.35
8,random,20,500,347283.45261459507,0.0594194741962639,2.4493550077543977,1854.2596788638036,301,2.473984479904175,"{""0"": 5117, ""1"": 4853, ""2"": 4991, ""3"": 5077, ""4"": 4982, ""5"": 4934, ""6"": 5016, ""7"": 5030}",12.1325,12.7925
